production_id,date_id,shift_id,machine_id,operator_id,part_id,planned_qty,actual_qty,downtime_minutes
100000,20250323,1,103,207,1022,803,707,106
100001,20250115,3,101,202,1020,1170,881,38
100002,20250104,2,105,206,1023,504,423,32
100003,20250205,2,103,218,1019,972,811,120
100004,20250201,1,102,206,1017,1045,927,46
100005,20250129,1,103,213,1004,934,831,72
100006,20250118,1,103,219,1003,958,878,112
100007,20250114,3,102,202,1001,1090,792,65
100008,20250328,2,104,212,1018,720,597,131
100009,20250311,2,104,215,1027,817,690,108
100010,20250112,1,101,214,1021,1176,1091,25
100011,20250317,3,101,206,1015,1267,1012,22
100012,20250224,3,104,218,1008,723,535,128
100013,20250105,1,105,205,1001,641,585,30
100014,20250104,1,103,218,1020,802,745,65
100015,20250112,1,105,203,1014,627,588,30
100016,20250128,1,103,203,1004,1000,903,114
100017,20250130,2,104,210,1005,724,631,85
100018,20250306,2,101,219,1023,1158,945,56
100019,20250319,1,101,203,1013,1221,1097,24
100020,20250104,2,105,212,1028,675,589,38
100021,20250313,1,101,216,1024,1239,1139,22
100022,20250126,1,104,217,1015,745,704,120
100023,20250325,1,105,207,1006,504,477,28
100024,20250331,2,103,213,1001,836,719,105
100025,20250311,3,101,202,1023,1201,952,39
100026,20250223,1,102,204,1019,1041,957,76
100027,20250129,2,101,210,1013,1199,1024,54
100028,20250227,2,103,207,1029,884,734,107
100029,20250317,1,105,217,1029,535,500,32
100030,20250205,2,103,206,1006,985,794,107
100031,20250101,1,102,219,1015,1088,961,67
100032,20250121,1,104,205,1016,759,712,123
100033,20250331,3,101,210,1024,1254,974,58
100034,20250224,3,105,209,1023,601,478,20
100035,20250213,3,104,213,1016,707,539,137
100036,20250205,1,103,219,1010,925,828,95
100037,20250120,1,105,206,1022,596,542,31
100038,20250128,2,104,204,1009,849,724,90
100039,20250213,2,105,203,1009,697,592,35
100040,20250114,1,102,203,1017,1063,988,45
100041,20250112,2,102,204,1017,1068,867,85
100042,20250218,1,101,205,1017,1300,1201,44
100043,20250113,3,101,208,1024,1181,869,25
100044,20250215,1,102,216,1012,1001,946,68
100045,20250214,2,105,203,1013,592,509,13
100046,20250319,1,102,212,1030,1033,915,67
100047,20250203,2,101,208,1012,1214,1025,52
100048,20250106,2,102,213,1014,1104,892,45
100049,20250228,1,102,204,1010,1090,1001,78
100050,20250310,3,105,214,1023,653,508,37
100051,20250116,3,104,214,1019,798,559,132
100052,20250218,3,101,213,1029,1199,932,55
100053,20250111,3,105,206,1002,562,425,15
100054,20250312,2,102,217,1004,1175,975,48
100055,20250207,3,102,204,1019,1068,779,71
100056,20250322,1,104,208,1007,737,651,135
100057,20250321,1,101,217,1026,1170,1064,50
100058,20250216,1,101,203,1015,1300,1150,36
100059,20250315,1,103,217,1015,863,802,91
100060,20250125,1,101,209,1024,1252,1155,49
100061,20250109,1,104,202,1006,727,646,80
100062,20250106,3,103,213,1003,901,660,99
100063,20250326,1,103,202,1006,897,839,81
100064,20250130,1,102,211,1016,1112,1004,81
100065,20250207,2,102,215,1002,1152,934,60
100066,20250111,1,101,211,1028,1254,1186,32
100067,20250130,3,103,203,1007,922,674,85
100068,20250113,1,102,203,1030,1081,973,84
100069,20250218,3,104,212,1011,862,645,153
100070,20250205,3,102,205,1026,1200,869,64
100071,20250228,1,102,207,1030,1071,1003,65
100072,20250323,1,103,207,1007,893,792,96
100073,20250216,3,103,213,1004,851,646,94
100074,20250121,2,105,209,1029,546,466,27
100075,20250217,2,104,213,1024,706,618,139
100076,20250215,3,103,212,1020,981,707,111
100077,20250127,1,101,213,1007,1174,1101,24
100078,20250327,1,104,210,1004,804,745,97
100079,20250204,1,104,201,1029,862,776,112
100080,20250331,3,103,208,1012,968,692,87
100081,20250329,2,104,216,1005,796,641,156
100082,20250324,1,103,213,1023,922,848,94
100083,20250110,1,102,203,1029,1129,1066,84
100084,20250319,1,105,203,1030,607,557,35
100085,20250323,1,102,205,1030,1092,1014,74
100086,20250122,2,103,211,1029,952,810,65
100087,20250310,2,103,207,1026,827,712,102
100088,20250201,3,102,210,1019,1170,860,81
100089,20250121,2,101,210,1026,1256,1009,45
100090,20250301,1,101,202,1005,1292,1166,47
100091,20250218,2,101,203,1027,1127,902,36
100092,20250204,3,103,208,1030,856,642,93
100093,20250323,2,104,211,1019,842,712,153
100094,20250330,3,103,213,1021,856,637,85
100095,20250313,2,104,207,1030,818,704,155
100096,20250129,2,102,213,1003,1176,987,62
100097,20250329,2,105,202,1027,506,424,19
100098,20250211,1,104,206,1026,806,761,90
100099,20250108,1,101,209,1011,1129,1059,29
100100,20250130,1,103,202,1007,889,801,89
100101,20250105,2,102,218,1029,1200,979,70
100102,20250210,1,101,216,1017,1189,1085,48
100103,20250221,2,102,212,1025,1184,1013,60
100104,20250204,3,105,207,1009,517,377,35
100105,20250109,1,103,207,1021,981,871,114
100106,20250128,2,103,217,1009,887,755,103
100107,20250314,3,105,213,1010,542,429,33
100108,20250210,1,103,211,1013,862,789,95
100109,20250128,1,104,206,1015,740,668,134
100110,20250325,1,102,214,1022,1118,1001,65
100111,20250305,1,101,206,1005,1261,1125,60
100112,20250220,3,105,206,1029,668,496,10
100113,20250324,3,104,202,1003,888,676,105
100114,20250228,2,101,215,1027,1215,1029,44
100115,20250119,3,101,217,1027,1101,848,33
100116,20250203,3,105,208,1008,571,442,35
100117,20250118,1,104,205,1020,716,659,148
100118,20250201,3,101,217,1010,1147,844,32
100119,20250313,2,101,201,1013,1217,984,51
100120,20250310,3,104,218,1029,835,665,120
100121,20250203,3,103,215,1003,952,703,85
100122,20250316,1,101,205,1029,1250,1109,42
100123,20250224,1,102,207,1022,1117,1031,83
100124,20250316,1,104,218,1008,880,823,158
100125,20250221,2,101,206,1029,1251,1009,28
100126,20250216,3,105,205,1009,580,412,19
100127,20250129,3,102,219,1030,1029,739,84
100128,20250118,1,101,210,1022,1136,1040,46
100129,20250307,2,102,215,1021,1152,934,64
100130,20250305,2,102,210,1012,1108,902,80
100131,20250112,1,103,216,1011,937,870,101
100132,20250107,1,102,212,1002,1044,959,71
100133,20250115,1,103,218,1018,873,776,80
100134,20250120,3,104,201,1009,815,620,125
100135,20250322,1,103,216,1002,802,732,72
100136,20250121,2,105,206,1002,598,524,26
100137,20250329,2,101,203,1003,1267,1063,51
100138,20250224,1,104,202,1016,806,749,136
100139,20250318,3,104,202,1019,825,591,152
100140,20250109,3,105,213,1004,507,395,17
100141,20250219,1,103,209,1023,874,771,74
100142,20250218,2,101,216,1025,1237,1018,49
100143,20250318,1,103,205,1018,944,879,109
100144,20250301,1,102,207,1020,1126,1034,47
100145,20250309,1,103,213,1025,946,840,109
100146,20250202,2,104,213,1030,839,726,126
100147,20250312,2,101,207,1018,1238,1071,22
100148,20250102,1,103,210,1010,994,924,94
100149,20250329,1,101,215,1011,1155,1096,26
100150,20250115,3,101,206,1029,1288,1008,35
100151,20250329,1,102,205,1017,1076,1012,42
100152,20250310,1,102,202,1026,1115,1001,45
100153,20250204,2,104,215,1024,812,705,95
100154,20250324,3,105,216,1025,698,545,16
100155,20250213,1,101,219,1023,1288,1186,42
100156,20250115,2,105,209,1024,681,578,23
100157,20250207,3,104,219,1020,742,565,106
100158,20250225,1,101,207,1016,1152,1078,56
100159,20250121,2,101,204,1020,1189,1001,58
100160,20250228,1,105,203,1013,637,568,32
100161,20250101,2,103,211,1002,874,719,77
100162,20250203,2,102,201,1024,1131,993,83
100163,20250306,2,103,206,1027,824,668,108
100164,20250123,1,105,211,1002,605,571,18
100165,20250306,3,102,201,1025,1167,831,48
100166,20250114,1,103,207,1014,863,768,80
100167,20250322,1,102,206,1004,1063,992,83
100168,20250208,1,101,214,1017,1200,1097,56
100169,20250323,2,103,202,1013,961,789,86
100170,20250306,2,102,204,1004,1096,916,80
100171,20250319,1,102,211,1003,1196,1060,72
100172,20250126,2,102,215,1012,1191,979,63
100173,20250120,1,103,218,1022,916,867,80
100174,20250217,2,104,201,1023,848,678,91
100175,20250121,1,103,203,1008,987,935,100
100176,20250311,2,105,203,1002,670,573,37
100177,20250309,1,103,207,1006,816,763,85
100178,20250101,3,102,201,1022,1055,840,53
100179,20250318,1,101,211,1010,1226,1101,38
100180,20250211,1,103,206,1012,886,813,68
100181,20250304,1,103,203,1021,944,887,110
100182,20250103,3,102,219,1010,1087,858,88
100183,20250115,3,101,202,1010,1112,783,60
100184,20250216,1,101,218,1023,1300,1220,21
100185,20250209,2,105,212,1003,531,464,15
100186,20250131,3,103,210,1020,912,680,87
100187,20250108,2,101,205,1010,1151,1012,28
100188,20250131,2,101,209,1029,1266,1043,37
100189,20250314,1,104,202,1009,723,669,112
100190,20250111,1,104,202,1020,721,653,101
100191,20250111,3,101,206,1019,1113,823,39
100192,20250304,3,105,210,1014,685,527,17
100193,20250109,2,101,218,1002,1209,1030,26
100194,20250310,1,102,212,1005,1000,894,44
100195,20250117,1,103,204,1020,833,767,93
100196,20250117,2,105,217,1029,674,563,10
100197,20250326,3,102,215,1029,1178,865,47
100198,20250302,3,105,206,1008,608,467,25
100199,20250312,3,102,216,1007,1018,735,45
100200,20250122,2,103,217,1006,987,853,66
100201,20250203,1,103,203,1011,880,797,79
100202,20250309,1,104,210,1012,735,666,97
100203,20250319,3,102,205,1018,1164,930,49
100204,20250224,2,104,214,1019,717,604,81
100205,20250128,1,102,213,1010,1156,1069,68
100206,20250311,1,104,206,1025,789,734,160
100207,20250330,2,103,212,1029,991,804,86
100208,20250126,1,105,208,1025,657,609,37
100209,20250209,1,104,205,1021,755,668,92
100210,20250221,2,102,215,1014,1035,890,77
100211,20250327,2,102,216,1003,1186,985,67
100212,20250325,2,103,201,1018,880,759,75
100213,20250217,1,102,216,1024,1070,989,55
100214,20250226,2,101,205,1015,1241,1052,58
100215,20250308,1,105,203,1006,572,534,32
100216,20250227,1,104,215,1010,706,663,118
100217,20250116,2,105,213,1027,552,464,26
100218,20250201,2,103,216,1012,848,729,78
100219,20250129,3,104,211,1007,865,610,110
100220,20250109,2,104,202,1017,826,686,110
100221,20250213,2,101,206,1001,1227,1044,24
100222,20250103,1,103,206,1026,935,880,60
100223,20250317,1,102,214,1018,1092,1032,48
100224,20250312,1,101,211,1026,1199,1127,56
100225,20250130,1,101,208,1015,1207,1093,31
100226,20250317,3,105,208,1019,695,519,34
100227,20250129,1,105,201,1028,518,456,12
100228,20250101,3,105,207,1001,503,365,11
100229,20250110,2,101,206,1030,1115,976,45
100230,20250322,3,102,208,1005,1129,822,85
100231,20250108,2,104,219,1015,828,713,134
100232,20250130,2,105,208,1003,679,565,30
100233,20250109,2,102,214,1001,1137,958,49
100234,20250105,1,103,218,1008,871,771,65
100235,20250212,2,105,216,1012,630,550,35
100236,20250110,1,104,209,1027,739,678,130
100237,20250307,1,103,215,1022,950,878,113
100238,20250131,2,103,210,1025,966,825,64
100239,20250205,1,104,216,1019,779,723,110
100240,20250327,3,105,204,1025,514,372,39
100241,20250304,3,101,213,1025,1211,861,59
100242,20250128,3,104,205,1012,855,603,102
100243,20250311,1,104,207,1013,730,643,97
100244,20250117,1,104,209,1028,879,774,143
100245,20250315,3,103,208,1001,888,668,110
100246,20250315,2,102,216,1019,1184,971,63
100247,20250302,3,101,206,1006,1132,877,37
100248,20250201,3,105,216,1008,687,541,34
100249,20250302,3,105,206,1004,507,371,23
100250,20250222,1,102,214,1005,1069,979,56
100251,20250125,1,104,201,1025,882,836,160
100252,20250113,3,101,209,1022,1119,838,52
100253,20250113,1,105,213,1028,592,523,37
100254,20250326,1,105,219,1007,645,575,15
100255,20250225,2,104,217,1023,765,659,153
100256,20250215,3,102,211,1004,1172,905,54
100257,20250224,2,101,208,1020,1289,1083,22
100258,20250222,2,102,205,1004,1003,822,70
100259,20250301,1,102,210,1030,1093,991,49
100260,20250107,2,101,207,1015,1145,1001,22
100261,20250328,3,101,210,1027,1241,968,46
100262,20250325,1,105,204,1021,557,502,23
100263,20250324,2,105,209,1005,684,564,36
100264,20250113,3,101,214,1024,1119,847,27
100265,20250108,2,103,202,1009,928,792,63
100266,20250221,2,105,209,1002,545,445,26
100267,20250213,2,103,201,1027,811,710,64
100268,20250114,1,101,210,1007,1219,1146,39
100269,20250201,1,105,210,1017,583,516,24
100270,20250125,3,102,203,1016,1002,738,58
100271,20250125,3,101,206,1017,1244,968,59
100272,20250310,3,104,206,1020,762,568,155
100273,20250227,3,103,202,1026,926,740,109
100274,20250118,2,101,218,1023,1150,987,54
100275,20250224,2,101,202,1002,1294,1117,29
100276,20250124,3,105,212,1011,501,397,10
100277,20250205,2,105,205,1002,559,471,30
100278,20250301,2,105,207,1001,677,589,40
100279,20250201,3,104,216,1026,785,549,128
100280,20250110,3,105,201,1002,688,531,13
100281,20250226,1,101,201,1029,1152,1056,35
100282,20250312,1,105,217,1023,607,555,11
100283,20250113,1,102,201,1009,1036,963,45
100284,20250107,2,105,213,1022,511,446,38
100285,20250325,1,104,209,1026,833,757,127
100286,20250311,2,102,215,1002,1117,980,45
100287,20250102,2,101,203,1028,1248,1007,28
100288,20250112,1,101,214,1015,1263,1183,24
100289,20250131,2,103,211,1010,951,803,87
100290,20250122,1,102,212,1015,1169,1107,55
100291,20250222,1,103,213,1010,874,785,80
100292,20250304,3,102,213,1029,1100,847,87
100293,20250303,1,102,201,1025,1083,977,57
100294,20250128,1,104,210,1023,759,671,105
100295,20250221,2,103,203,1027,834,719,97
100296,20250108,3,104,204,1017,727,520,101
100297,20250122,1,102,216,1028,1115,1017,66
100298,20250218,2,101,208,1009,1130,952,33
100299,20250101,1,102,216,1018,1115,1005,56
100300,20250219,1,104,217,1004,730,647,118
100301,20250203,2,103,219,1009,980,838,62
100302,20250228,2,103,215,1016,855,741,80
100303,20250206,2,104,216,1004,737,594,111
100304,20250224,2,103,215,1016,891,741,63
100305,20250331,3,105,202,1019,673,491,36
100306,20250313,2,101,211,1001,1144,918,45
100307,20250326,1,101,201,1023,1215,1116,55
100308,20250304,3,101,215,1006,1163,825,26
100309,20250120,1,103,219,1010,835,741,63
100310,20250125,2,103,204,1016,999,877,68
100311,20250207,1,102,211,1004,1050,984,63
100312,20250128,1,102,205,1022,1175,1085,81
100313,20250108,3,101,203,1022,1121,849,36
100314,20250316,3,105,213,1013,519,364,12
100315,20250311,2,102,210,1016,1050,915,68
100316,20250108,2,102,211,1020,1032,833,61
100317,20250210,1,103,218,1030,831,733,89
100318,20250108,1,105,202,1029,512,456,28
100319,20250107,1,101,207,1006,1210,1134,45
100320,20250316,2,102,209,1026,1127,904,83
100321,20250303,2,105,210,1011,609,495,16
100322,20250306,2,105,218,1024,547,449,24
100323,20250309,1,101,207,1029,1138,1004,59
100324,20250121,3,105,207,1003,657,476,19
100325,20250108,2,105,203,1020,627,522,27
100326,20250307,2,105,212,1010,622,500,18
100327,20250111,2,102,207,1029,1098,890,52
100328,20250124,2,101,217,1028,1264,1100,53
100329,20250109,1,105,201,1030,563,520,35
100330,20250318,1,105,205,1001,639,597,22
100331,20250109,3,102,216,1020,1200,925,70
100332,20250328,1,101,215,1011,1239,1158,42
100333,20250131,1,103,202,1026,944,863,84
100334,20250221,1,102,209,1026,1069,954,60
100335,20250116,1,101,207,1012,1252,1120,37
100336,20250314,3,105,204,1014,514,401,25
100337,20250201,2,101,218,1025,1235,1023,57
100338,20250316,2,101,204,1008,1159,1017,26
100339,20250318,1,101,213,1011,1163,1076,37
100340,20250106,2,103,201,1004,936,809,118
100341,20250321,2,101,203,1028,1288,1036,34
100342,20250111,1,103,216,1007,947,889,111
100343,20250223,2,105,204,1010,599,496,36
100344,20250326,1,103,216,1019,844,753,97
100345,20250316,2,105,219,1025,581,502,32
100346,20250314,2,105,201,1026,591,516,10
100347,20250308,1,103,205,1004,980,910,120
100348,20250210,1,102,219,1002,1145,1052,76
100349,20250203,2,104,211,1026,748,648,143
100350,20250127,2,101,213,1021,1238,1021,51
100351,20250327,3,104,205,1018,709,502,109
100352,20250210,2,101,204,1014,1254,1025,53
100353,20250131,1,101,204,1026,1222,1075,59
100354,20250203,1,105,204,1016,551,515,20
100355,20250220,2,101,204,1022,1283,1044,40
100356,20250117,1,101,218,1011,1115,982,57
100357,20250327,2,103,218,1010,980,855,109
100358,20250324,3,104,216,1017,728,571,126
100359,20250208,2,103,209,1014,818,678,120
100360,20250228,1,101,218,1022,1269,1151,26
100361,20250210,2,105,202,1004,586,482,14
100362,20250110,2,103,204,1019,840,721,87
100363,20250102,2,103,212,1002,963,844,101
100364,20250228,3,102,207,1007,1081,775,75
100365,20250321,1,101,215,1009,1277,1203,59
100366,20250314,3,105,207,1028,591,426,28
100367,20250113,3,103,217,1019,844,622,106
100368,20250110,1,103,216,1016,976,879,71
100369,20250310,1,105,219,1022,686,603,32
100370,20250128,1,101,209,1025,1246,1130,56
100371,20250306,1,102,214,1016,1008,899,60
100372,20250203,1,103,217,1018,956,856,96
100373,20250117,2,102,205,1023,1026,897,49
100374,20250214,1,104,202,1021,784,730,110
100375,20250109,1,101,216,1021,1188,1127,30
100376,20250201,3,104,214,1011,862,679,91
100377,20250217,1,104,214,1007,881,816,122
100378,20250206,3,104,201,1009,814,570,106
100379,20250121,1,101,203,1004,1163,1079,42
100380,20250226,1,101,207,1025,1165,1089,20
100381,20250311,2,105,215,1030,512,425,33
100382,20250208,2,102,219,1013,1107,971,66
100383,20250320,3,102,202,1027,1126,887,62
100384,20250325,2,105,219,1026,639,530,36
100385,20250309,3,105,209,1025,622,484,28
100386,20250102,1,104,219,1029,866,808,108
100387,20250327,1,105,205,1004,541,493,35
100388,20250312,3,103,218,1019,808,589,80
100389,20250208,3,102,216,1002,1066,847,44
100390,20250326,3,105,204,1009,587,420,22
100391,20250114,2,103,212,1012,841,722,95
100392,20250118,1,103,207,1002,823,743,99
100393,20250203,3,103,214,1006,923,711,87
100394,20250115,1,103,212,1005,967,862,116
100395,20250114,3,104,203,1030,811,580,92
100396,20250312,3,103,205,1005,884,636,72
100397,20250120,2,104,217,1020,804,688,149
100398,20250204,3,104,210,1022,767,587,118
100399,20250206,3,103,210,1005,860,610,85
100400,20250319,1,102,211,1027,1146,1052,71
100401,20250127,3,103,217,1004,839,591,60
100402,20250213,2,103,205,1029,909,733,112
100403,20250127,3,103,213,1009,969,738,90
100404,20250329,1,102,210,1029,1051,932,53
100405,20250323,3,101,209,1022,1143,873,25
100406,20250203,1,101,217,1027,1221,1146,39
100407,20250306,1,104,201,1010,900,817,142
100408,20250304,3,104,204,1016,869,631,149
100409,20250202,1,102,204,1010,1099,981,64
100410,20250107,1,105,218,1029,594,530,11
100411,20250112,3,101,209,1010,1167,868,36
100412,20250323,3,104,218,1029,757,593,152
100413,20250224,2,101,214,1019,1115,905,26
100414,20250205,2,102,215,1010,1021,871,74
100415,20250106,2,102,206,1006,1105,969,77
100416,20250101,1,105,210,1030,558,512,36
100417,20250212,1,105,215,1017,599,561,23
100418,20250117,2,102,204,1005,1137,972,70
100419,20250323,3,104,218,1026,846,666,140
100420,20250203,3,101,218,1006,1176,832,22
100421,20250121,3,103,217,1027,928,702,93
100422,20250226,1,105,212,1024,646,599,29
100423,20250312,2,103,207,1027,837,677,108
100424,20250224,1,104,216,1015,814,726,101
100425,20250313,2,105,211,1025,554,479,14
100426,20250102,2,103,214,1027,810,675,103
100427,20250115,3,104,203,1019,811,584,160
100428,20250110,1,101,219,1018,1137,1066,36
100429,20250330,1,104,218,1029,781,737,88
100430,20250120,1,105,210,1004,522,473,22
100431,20250311,3,102,206,1008,1141,835,57
100432,20250105,2,101,213,1027,1233,1031,20
100433,20250217,1,103,210,1016,979,904,93
100434,20250316,1,105,218,1024,700,636,23
100435,20250312,2,102,216,1019,1038,842,77
100436,20250119,1,104,206,1020,849,792,92
100437,20250225,3,102,213,1003,1027,776,46
100438,20250117,2,105,204,1010,573,498,38
100439,20250106,1,105,214,1002,588,553,18
100440,20250209,1,102,201,1004,1098,1016,76
100441,20250216,3,104,205,1006,855,638,102
100442,20250106,1,102,208,1011,1070,971,79
100443,20250215,1,105,212,1014,655,607,22
100444,20250127,3,105,202,1016,509,376,38
100445,20250329,3,103,212,1027,884,679,63
100446,20250201,3,103,205,1021,990,740,77
100447,20250327,3,101,205,1019,1195,838,39
100448,20250114,1,105,213,1002,579,520,25
100449,20250215,1,103,209,1025,978,907,115
100450,20250313,3,102,210,1017,1058,754,87
100451,20250222,2,104,201,1009,813,700,121
100452,20250321,2,102,203,1017,1068,916,78
100453,20250120,3,104,218,1015,865,613,136
100454,20250131,1,103,212,1030,854,806,86
100455,20250121,2,101,203,1007,1289,1081,53
100456,20250123,1,102,209,1022,1095,1026,72
100457,20250222,2,102,202,1023,1040,837,85
100458,20250104,1,102,203,1019,1129,1025,89
100459,20250123,1,104,214,1030,834,785,83
100460,20250212,1,103,204,1003,844,754,113
100461,20250222,2,102,219,1029,1051,911,55
100462,20250327,2,102,213,1027,1008,843,63
100463,20250201,2,101,207,1001,1280,1044,43
100464,20250204,3,101,212,1004,1218,914,60
100465,20250121,1,103,203,1028,831,770,75
100466,20250331,1,103,209,1018,895,818,88
100467,20250114,3,105,202,1026,545,433,25
100468,20250218,1,101,209,1008,1250,1148,42
100469,20250105,3,105,212,1019,541,424,18
100470,20250302,1,104,212,1023,891,835,91
100471,20250129,3,105,215,1023,572,401,11
100472,20250126,1,102,202,1028,1041,978,89
100473,20250228,3,105,218,1025,554,435,30
100474,20250214,2,103,213,1006,857,732,77
100475,20250209,3,104,214,1001,866,641,82
100476,20250130,1,102,205,1008,1199,1136,83
100477,20250129,2,105,210,1001,502,420,14
100478,20250104,3,104,212,1019,865,620,81
100479,20250326,2,104,210,1011,757,620,119
100480,20250125,2,102,211,1021,1182,1037,81
100481,20250221,2,105,202,1024,570,475,22
100482,20250212,2,104,205,1025,789,660,107
100483,20250205,2,104,207,1015,819,674,146
100484,20250109,2,101,206,1023,1259,1047,26
100485,20250205,3,104,203,1025,701,526,127
100486,20250214,1,101,213,1011,1243,1150,58
100487,20250324,1,105,203,1019,572,515,13
100488,20250307,3,105,206,1029,623,440,18
100489,20250221,3,105,211,1021,663,485,18
100490,20250328,2,103,217,1010,866,738,120
100491,20250310,2,105,210,1024,666,548,14
100492,20250212,1,104,212,1012,832,776,87
100493,20250104,1,102,217,1001,1153,1047,60
100494,20250115,2,101,204,1024,1274,1033,21
100495,20250203,1,103,202,1007,967,884,78
100496,20250123,2,105,211,1017,566,493,22
100497,20250316,1,105,207,1029,599,558,28
100498,20250203,3,102,202,1029,1181,944,52
100499,20250105,3,102,218,1026,1087,839,54
100500,20250114,2,103,204,1028,975,821,110
100501,20250318,2,101,208,1010,1221,1065,42
100502,20250225,1,105,214,1028,629,566,15
100503,20250214,3,103,212,1006,968,762,71
100504,20250210,2,104,218,1017,775,626,96
100505,20250225,1,104,211,1018,889,798,151
100506,20250319,3,103,208,1005,995,787,120
100507,20250307,3,105,202,1018,674,532,30
100508,20250115,3,103,215,1030,822,593,74
100509,20250219,2,105,209,1026,690,600,23
100510,20250315,2,102,219,1017,1084,899,77
100511,20250125,2,103,208,1022,875,732,67
100512,20250202,3,105,219,1016,620,437,30
100513,20250106,3,103,205,1008,949,719,99
100514,20250225,1,103,211,1024,818,746,72
100515,20250101,1,105,215,1013,628,557,31
100516,20250308,1,105,208,1029,597,547,23
100517,20250310,3,101,219,1024,1113,876,29
100518,20250329,3,103,208,1016,835,667,81
100519,20250327,1,104,219,1011,804,763,138
100520,20250126,2,103,218,1006,836,689,105
100521,20250216,1,103,210,1027,846,790,91
100522,20250225,3,105,207,1003,585,446,15
100523,20250109,3,103,209,1001,880,671,60
100524,20250327,3,103,201,1018,915,665,108
100525,20250212,2,104,219,1005,898,730,100
100526,20250321,2,105,205,1013,625,539,34
100527,20250210,1,103,219,1010,822,730,87
100528,20250326,1,102,201,1005,1162,1057,67
100529,20250116,3,101,215,1026,1222,902,22
100530,20250208,3,104,216,1014,836,601,127
100531,20250306,3,103,207,1017,803,633,108
100532,20250209,3,102,212,1001,1135,816,83
100533,20250327,2,103,208,1025,801,680,75
100534,20250222,3,103,205,1002,857,659,82
100535,20250211,3,105,210,1007,579,412,22
100536,20250221,3,105,205,1010,628,476,15
100537,20250331,1,105,217,1020,516,483,19
100538,20250207,2,102,205,1007,1074,898,73
100539,20250312,1,103,215,1024,952,872,87
100540,20250117,3,101,213,1016,1275,1019,41
100541,20250125,2,104,201,1005,825,683,104
100542,20250223,1,105,211,1029,542,512,39
100543,20250327,2,105,201,1028,603,483,17
100544,20250218,2,103,211,1012,986,866,73
100545,20250328,1,103,218,1017,987,870,92
100546,20250123,1,102,218,1016,1043,926,85
100547,20250320,2,102,216,1020,1166,1006,64
100548,20250314,2,105,213,1026,663,543,27
100549,20250208,3,103,207,1016,959,675,63
100550,20250221,2,101,201,1019,1269,1026,21
100551,20250312,3,104,216,1026,712,547,133
100552,20250101,2,103,201,1015,913,758,95
100553,20250208,2,103,217,1012,864,723,69
100554,20250206,3,102,206,1021,1052,809,80
100555,20250127,2,104,202,1010,702,578,92
100556,20250225,1,105,217,1029,669,613,29
100557,20250316,1,103,206,1026,955,887,86
100558,20250319,3,105,214,1029,526,395,29
100559,20250325,2,103,218,1022,830,682,110
100560,20250211,2,105,206,1002,527,442,29
100561,20250301,1,104,210,1007,751,701,146
100562,20250226,1,102,218,1013,1051,951,66
100563,20250226,1,104,209,1003,775,690,150
100564,20250328,1,101,208,1015,1227,1157,50
100565,20250128,2,102,210,1001,1084,887,40
100566,20250307,1,104,217,1026,871,771,94
100567,20250302,2,101,206,1003,1246,1063,29
100568,20250122,3,103,214,1025,823,640,64
100569,20250326,1,103,206,1010,985,916,117
100570,20250111,2,105,207,1027,565,481,24
100571,20250206,3,102,212,1027,1075,780,43
100572,20250307,1,103,203,1015,825,772,115
100573,20250326,2,102,214,1022,1010,876,63
100574,20250323,3,103,219,1027,973,711,107
100575,20250321,3,105,216,1006,529,375,34
100576,20250212,1,104,207,1020,711,626,97
100577,20250112,3,105,208,1015,669,511,20
100578,20250131,2,101,218,1024,1191,1038,59
100579,20250328,1,103,213,1021,868,817,65
100580,20250209,2,101,209,1007,1195,1033,31
100581,20250129,3,101,210,1025,1129,835,49
100582,20250126,2,102,209,1029,1069,926,84
100583,20250119,1,103,215,1029,922,862,101
100584,20250104,2,101,202,1030,1142,923,23
100585,20250106,1,104,213,1021,740,656,155
100586,20250201,1,101,202,1027,1223,1144,48
100587,20250302,1,104,219,1030,746,688,125
100588,20250320,1,102,202,1005,1156,1019,83
100589,20250110,1,101,203,1030,1286,1219,28
100590,20250228,1,105,206,1004,623,588,13
100591,20250223,2,102,203,1022,1105,922,44
100592,20250322,1,104,210,1018,766,709,81
100593,20250315,1,102,206,1003,1180,1110,73
100594,20250125,3,101,216,1017,1296,1003,56
100595,20250331,2,103,217,1018,857,752,102
100596,20250219,2,103,219,1018,886,745,104
100597,20250305,1,104,203,1024,879,811,135
100598,20250221,1,104,218,1024,869,808,141
100599,20250201,1,103,207,1002,888,822,101
100600,20250119,1,104,209,1013,798,710,151
100601,20250325,1,102,212,1030,1156,1021,81
100602,20250330,1,105,205,1022,540,494,25
100603,20250101,1,105,203,1015,626,588,12
100604,20250114,1,102,211,1005,1192,1089,55
100605,20250224,2,105,204,1003,584,512,11
100606,20250129,1,101,205,1005,1229,1100,44
100607,20250123,1,102,201,1005,1103,1033,45
100608,20250331,2,104,218,1005,817,682,153
100609,20250308,2,102,212,1003,1114,899,71
100610,20250301,1,103,213,1003,914,824,91
100611,20250107,3,104,209,1020,890,681,93
100612,20250313,2,103,202,1023,903,752,95
100613,20250201,1,104,205,1028,840,739,91
100614,20250116,3,105,213,1028,654,520,30
100615,20250228,3,102,216,1028,1077,849,75
100616,20250118,1,101,216,1030,1152,1066,49
100617,20250301,1,104,203,1018,787,712,86
100618,20250327,3,104,204,1026,757,593,122
100619,20250309,2,103,211,1020,943,812,98
100620,20250313,1,105,214,1004,621,577,21
100621,20250318,1,103,203,1001,983,896,66
100622,20250210,1,103,216,1026,994,920,60
100623,20250226,2,105,215,1016,587,486,30
100624,20250320,2,101,210,1008,1174,990,43
100625,20250306,1,103,209,1017,979,868,117
100626,20250224,2,103,211,1008,842,706,112
100627,20250312,2,104,216,1007,883,758,132
100628,20250227,1,105,210,1025,527,473,16
100629,20250121,1,102,217,1008,1048,931,65
100630,20250302,2,101,219,1021,1155,966,32
100631,20250227,3,101,202,1024,1283,941,46
100632,20250203,2,105,202,1030,511,446,36
100633,20250201,2,104,206,1027,872,738,137
100634,20250323,1,104,219,1026,817,756,144
100635,20250205,2,105,208,1012,534,468,10
100636,20250308,2,104,203,1016,835,717,150
100637,20250304,1,101,214,1012,1210,1135,50
100638,20250322,1,101,216,1019,1230,1149,31
100639,20250131,1,102,201,1010,1177,1083,86
100640,20250205,1,105,203,1007,532,472,31
100641,20250226,1,103,218,1012,953,879,80
100642,20250110,1,103,209,1020,929,874,86
100643,20250206,1,102,206,1005,1155,1090,88
100644,20250131,1,102,201,1016,1063,955,61
100645,20250204,3,104,210,1009,775,577,97
100646,20250212,2,102,206,1007,1035,862,84
100647,20250210,2,102,212,1020,1191,1001,84
100648,20250311,3,103,204,1022,940,738,105
100649,20250111,2,104,213,1026,888,776,160
100650,20250118,1,102,217,1014,1055,943,79
100651,20250120,2,102,208,1011,1182,973,62
100652,20250130,2,104,203,1007,872,706,102
100653,20250219,2,105,212,1029,628,529,30
100654,20250330,2,104,207,1010,782,670,125
100655,20250120,1,103,212,1029,943,861,96
100656,20250128,1,105,202,1009,670,622,31
100657,20250109,1,101,214,1004,1291,1216,54
100658,20250223,2,104,205,1016,773,672,134
100659,20250222,2,103,209,1010,803,675,61
100660,20250212,1,105,211,1019,597,531,31
100661,20250311,3,104,205,1024,714,514,100
100662,20250301,2,102,203,1017,1073,917,49
100663,20250223,1,104,217,1009,715,663,117
100664,20250108,1,101,202,1013,1152,1074,22
100665,20250127,1,104,201,1001,791,741,93
100666,20250223,1,105,207,1002,657,618,33
100667,20250219,1,105,214,1013,643,604,33
100668,20250316,1,104,205,1024,865,795,110
100669,20250331,1,105,219,1009,630,588,35
100670,20250103,1,102,211,1007,1178,1060,82
100671,20250315,3,104,202,1016,712,564,129
100672,20250218,1,102,208,1019,1106,1047,83
100673,20250303,2,102,209,1007,1080,947,43
100674,20250101,2,103,203,1006,803,690,72
100675,20250215,3,104,202,1018,858,675,136
100676,20250208,1,105,207,1019,557,525,32
100677,20250219,1,102,205,1011,1181,1092,88
100678,20250223,3,103,205,1029,950,716,98
100679,20250310,3,104,213,1012,750,583,104
100680,20250311,3,104,206,1029,775,577,89
100681,20250319,1,101,218,1026,1147,1086,52
100682,20250129,1,101,202,1010,1130,1024,47
100683,20250304,2,102,206,1013,1071,904,48
100684,20250129,3,101,209,1012,1141,865,36
100685,20250204,2,102,203,1021,1001,827,85
100686,20250225,2,105,201,1010,539,432,39
100687,20250304,1,102,201,1020,1082,997,89
100688,20250104,3,101,219,1018,1260,959,39
100689,20250219,1,105,205,1004,625,584,27
100690,20250213,1,101,213,1028,1191,1054,40
100691,20250327,2,102,219,1024,1134,927,51
100692,20250328,2,103,212,1005,933,751,92
100693,20250221,1,104,216,1005,740,672,148
100694,20250122,1,101,219,1029,1203,1066,34
100695,20250301,2,102,203,1028,1054,899,61
100696,20250117,1,105,212,1012,592,533,40
100697,20250321,2,101,205,1026,1292,1097,50
100698,20250310,1,101,202,1003,1243,1165,20
100699,20250104,2,104,207,1029,729,622,137
100700,20250220,2,102,213,1008,1061,925,79
100701,20250317,1,103,215,1022,959,860,62
100702,20250314,1,105,203,1002,674,634,22
100703,20250326,1,102,205,1018,1029,933,74
100704,20250104,1,105,208,1009,685,616,39
100705,20250111,3,101,201,1013,1232,963,43
100706,20250324,1,104,208,1007,831,777,137
100707,20250224,3,104,218,1010,824,580,104
100708,20250118,1,103,216,1009,882,807,120
100709,20250301,2,104,218,1030,724,588,148
100710,20250124,3,101,212,1022,1236,866,24
100711,20250107,2,103,213,1015,853,728,109
100712,20250203,2,102,213,1005,1054,916,67
100713,20250218,2,104,210,1012,726,592,135
100714,20250211,1,103,207,1001,965,904,64
100715,20250128,3,101,214,1012,1291,992,21
100716,20250228,3,105,216,1022,617,476,11
100717,20250211,3,105,215,1006,522,369,15
100718,20250213,1,101,212,1019,1164,1069,56
100719,20250218,2,101,209,1019,1158,1010,46
100720,20250205,3,105,208,1016,599,446,22
100721,20250223,1,103,218,1019,910,820,84
100722,20250202,1,105,218,1003,672,596,10
100723,20250111,2,101,213,1023,1264,1084,24
100724,20250302,2,104,218,1010,893,767,85
100725,20250103,3,102,215,1027,1179,925,62
100726,20250311,1,104,204,1018,828,734,118
100727,20250107,3,104,217,1026,855,605,136
100728,20250214,1,101,205,1013,1197,1086,21
100729,20250129,1,105,216,1026,621,553,17
100730,20250325,1,103,209,1018,834,777,110
100731,20250109,3,104,210,1003,839,612,98
100732,20250325,2,105,218,1026,576,492,39
100733,20250106,2,103,217,1028,986,839,120
100734,20250104,1,104,218,1023,702,644,151
100735,20250201,3,103,207,1003,836,595,60
100736,20250126,1,105,204,1023,646,595,27
100737,20250103,3,102,205,1025,1140,905,59
100738,20250321,2,105,216,1027,553,475,38
100739,20250120,1,101,203,1026,1285,1161,46
100740,20250131,2,103,218,1012,965,837,69
100741,20250117,1,102,214,1027,1041,929,79
100742,20250302,2,103,215,1020,864,704,71
100743,20250327,2,103,217,1007,971,838,114
100744,20250115,1,104,201,1025,713,669,150
100745,20250314,3,101,217,1030,1218,931,24
100746,20250128,1,103,211,1024,874,810,76
100747,20250301,2,105,217,1008,525,428,28
100748,20250331,3,105,214,1009,624,496,21
100749,20250202,2,104,219,1014,732,624,110
100750,20250217,1,101,207,1005,1125,1012,24
100751,20250122,3,101,213,1030,1149,840,48
100752,20250319,2,105,218,1021,584,495,19
100753,20250319,1,102,214,1019,1177,1083,76
100754,20250115,1,104,201,1021,845,765,120
100755,20250121,3,104,207,1016,809,579,120
100756,20250209,2,105,208,1024,563,485,32
100757,20250114,2,105,218,1012,689,586,18
100758,20250316,3,102,209,1021,1092,779,86
100759,20250104,3,102,201,1004,1084,853,69
100760,20250209,1,101,217,1008,1214,1098,39
100761,20250315,1,104,219,1007,824,756,102
100762,20250328,1,104,206,1015,865,797,115
100763,20250218,2,105,203,1030,535,466,16
100764,20250220,1,101,205,1030,1167,1086,60
100765,20250126,2,104,202,1006,719,617,82
100766,20250110,3,101,204,1005,1229,937,57
100767,20250317,3,101,210,1014,1248,924,57
100768,20250330,1,105,210,1021,554,522,27
100769,20250322,3,101,211,1013,1166,879,54
100770,20250201,1,102,216,1010,1120,1036,49
100771,20250114,3,102,217,1018,1093,808,89
100772,20250331,1,103,216,1029,950,884,78
100773,20250208,1,105,207,1004,534,487,26
100774,20250329,3,103,216,1008,823,608,92
100775,20250318,1,102,203,1024,1002,928,79
100776,20250116,1,103,216,1011,975,869,92
100777,20250314,2,105,208,1017,535,447,15
100778,20250106,2,105,212,1018,644,564,31
100779,20250214,2,101,203,1021,1137,976,50
100780,20250310,2,104,217,1025,791,635,142
100781,20250224,2,101,218,1026,1159,933,43
100782,20250326,1,105,211,1011,559,493,16
100783,20250217,1,102,204,1016,1132,1068,63
100784,20250109,1,102,216,1012,1099,1003,69
100785,20250306,3,101,217,1013,1111,782,40
100786,20250324,2,105,209,1027,526,450,26
100787,20250213,2,102,206,1016,1162,1006,87
100788,20250102,2,105,202,1023,567,479,28
100789,20250223,3,102,209,1026,1044,770,64
100790,20250304,1,105,206,1021,593,546,38
100791,20250114,2,103,203,1001,819,689,84
100792,20250225,2,105,206,1016,557,468,21
100793,20250216,2,105,207,1015,588,493,25
100794,20250323,1,101,201,1006,1254,1104,28
100795,20250228,3,103,201,1012,912,653,64
100796,20250120,3,104,205,1008,831,635,107
100797,20250225,2,101,206,1007,1138,927,43
100798,20250123,2,104,213,1002,854,732,95
100799,20250308,3,102,202,1012,1169,845,61
100800,20250325,2,104,215,1021,884,715,141
100801,20250204,1,105,215,1014,622,556,15
100802,20250320,2,104,213,1016,865,749,82
100803,20250310,2,101,214,1011,1162,933,56
100804,20250303,2,101,207,1020,1251,1016,60
100805,20250301,2,104,214,1009,831,667,153
100806,20250225,3,101,210,1010,1137,802,36
100807,20250317,3,101,217,1017,1146,861,45
100808,20250204,2,104,214,1012,853,748,82
100809,20250211,1,103,208,1006,984,916,112
100810,20250201,3,103,204,1019,872,693,73
100811,20250112,3,102,216,1011,1114,847,70
100812,20250205,1,101,213,1009,1223,1090,46
100813,20250227,3,104,218,1021,853,609,154
100814,20250201,3,101,214,1029,1296,930,52
100815,20250301,2,105,218,1006,567,461,31
100816,20250314,2,101,205,1027,1187,1037,58
100817,20250320,1,101,209,1025,1251,1106,44
100818,20250327,1,103,203,1025,898,798,61
100819,20250218,1,104,208,1024,751,688,144
100820,20250213,3,101,210,1025,1275,946,29
100821,20250104,1,103,219,1016,955,846,90
100822,20250305,1,102,203,1020,1157,1066,90
100823,20250211,1,103,211,1016,936,856,67
100824,20250124,2,103,211,1006,823,690,68
100825,20250304,3,103,217,1005,954,719,60
100826,20250128,1,101,216,1021,1298,1203,47
100827,20250215,1,101,207,1004,1233,1121,22
100828,20250203,2,102,204,1002,1178,992,54
100829,20250213,2,105,219,1028,623,537,22
100830,20250205,1,105,212,1006,589,542,33
100831,20250318,2,105,215,1009,694,601,28
100832,20250331,1,102,211,1028,1025,932,56
100833,20250205,1,105,205,1017,622,580,39
100834,20250313,2,105,205,1014,521,428,38
100835,20250102,2,103,215,1007,939,781,72
100836,20250308,3,101,218,1022,1101,848,20
100837,20250125,1,101,211,1019,1247,1142,53
100838,20250111,2,103,212,1001,801,664,73
100839,20250131,2,103,202,1029,976,843,86
100840,20250222,1,103,215,1020,892,791,87
100841,20250304,2,101,204,1030,1266,1072,36
100842,20250313,1,105,218,1025,637,579,21
100843,20250131,3,103,206,1015,956,695,103
100844,20250330,1,102,219,1018,1101,1027,66
100845,20250302,2,103,211,1003,941,811,90
100846,20250324,1,104,202,1018,745,674,151
100847,20250304,3,103,208,1030,923,669,79
100848,20250227,2,101,211,1002,1247,1031,45
100849,20250103,2,103,205,1010,988,801,115
100850,20250112,1,104,218,1011,868,771,109
100851,20250207,2,102,218,1027,1114,960,50
100852,20250129,1,105,214,1024,525,469,22
100853,20250221,3,103,210,1003,886,691,99
100854,20250330,1,104,203,1007,878,814,86
100855,20250201,1,104,209,1008,741,672,80
100856,20250209,1,102,203,1019,1023,959,70
100857,20250326,2,101,211,1018,1253,1046,24
100858,20250316,2,103,212,1013,867,708,65
100859,20250217,1,104,212,1013,855,754,129
100860,20250302,3,102,203,1024,1102,839,73
100861,20250312,2,105,207,1019,573,491,29
100862,20250309,2,104,214,1023,714,625,102
100863,20250214,2,102,211,1012,1163,976,40
100864,20250224,2,101,207,1017,1151,999,53
100865,20250312,2,101,210,1030,1173,956,58
100866,20250212,1,104,211,1028,830,760,109
100867,20250215,1,104,215,1022,857,764,84
100868,20250331,3,103,219,1012,892,645,60
100869,20250228,3,102,216,1028,1040,737,57
100870,20250204,1,104,212,1013,899,816,130
100871,20250209,1,103,218,1025,903,831,93
100872,20250202,2,103,213,1012,803,689,64
100873,20250130,2,104,205,1019,723,610,151
100874,20250116,1,101,204,1014,1249,1129,37
100875,20250125,1,102,214,1007,1057,975,52
100876,20250210,2,102,208,1013,1116,975,76
100877,20250116,2,101,209,1006,1101,903,46
100878,20250310,1,104,219,1024,829,735,89
100879,20250330,1,102,203,1019,1128,1015,47
100880,20250124,1,104,205,1019,831,786,148
100881,20250125,2,104,218,1004,847,694,136
100882,20250128,1,103,201,1019,896,823,109
100883,20250303,1,101,208,1009,1162,1084,49
100884,20250205,3,104,219,1016,874,652,155
100885,20250317,1,105,217,1027,507,463,18
100886,20250309,2,101,217,1004,1117,927,34
100887,20250318,1,102,211,1006,1173,1089,60
100888,20250206,1,103,202,1008,905,856,93
100889,20250113,1,102,206,1027,1137,1001,56
100890,20250125,2,102,214,1029,1063,874,65
100891,20250207,3,101,203,1024,1272,985,41
100892,20250130,3,102,212,1016,1019,769,51
100893,20250216,1,104,204,1005,821,740,107
100894,20250123,2,102,212,1021,1146,941,87
100895,20250208,1,103,213,1022,974,920,72
100896,20250102,1,103,202,1010,927,863,75
100897,20250310,3,105,202,1023,688,498,18
100898,20250117,1,103,215,1013,852,763,113
100899,20250205,1,102,217,1029,1063,997,62
100900,20250106,1,103,207,1026,839,784,67
100901,20250107,1,101,214,1014,1120,1038,51
100902,20250312,1,103,212,1007,957,842,114
100903,20250207,2,104,217,1029,838,734,141
100904,20250331,2,101,214,1020,1195,1015,51
100905,20250117,3,105,206,1006,647,509,25
100906,20250323,3,104,219,1007,746,595,145
100907,20250304,1,102,206,1005,1071,972,88
100908,20250114,1,102,218,1021,1147,1019,73
100909,20250102,1,102,205,1018,1108,1012,74
100910,20250315,2,104,206,1023,708,594,130
100911,20250206,1,104,202,1012,875,817,138
100912,20250302,2,104,208,1006,730,624,138
100913,20250303,2,101,215,1027,1180,1009,20
100914,20250226,2,101,215,1001,1272,1039,57
100915,20250213,2,102,211,1004,1025,846,79
100916,20250124,1,103,201,1019,866,773,76
100917,20250107,3,102,218,1012,1060,770,79
100918,20250202,3,105,212,1015,587,432,25
100919,20250303,1,101,212,1003,1208,1080,43
100920,20250115,3,104,211,1023,793,622,115
100921,20250109,2,101,208,1027,1215,989,28
100922,20250221,3,104,207,1028,847,651,92
100923,20250304,3,105,202,1026,684,497,17
100924,20250110,2,105,211,1020,642,535,22
100925,20250315,1,101,210,1028,1150,1023,29
100926,20250322,1,104,203,1008,821,768,102
100927,20250329,2,105,210,1011,607,509,38
100928,20250107,2,102,218,1016,1161,976,86
100929,20250120,1,102,214,1009,1080,1009,59
100930,20250120,1,104,218,1003,764,702,152
100931,20250314,3,101,208,1005,1112,822,30
100932,20250208,3,105,210,1020,515,371,18
100933,20250111,2,101,213,1014,1221,1058,26
100934,20250201,1,102,208,1028,1115,1039,56
100935,20250116,1,105,204,1026,592,535,27
100936,20250313,1,101,204,1015,1165,1053,46
100937,20250223,3,103,205,1006,831,610,103
100938,20250319,1,104,201,1027,855,764,153
100939,20250318,2,104,217,1026,866,737,102
100940,20250321,1,103,202,1004,999,899,80
100941,20250129,2,102,208,1008,1172,985,89
100942,20250308,2,105,207,1019,688,574,12
100943,20250218,3,104,215,1027,797,606,139
100944,20250227,1,103,205,1005,961,910,115
100945,20250226,1,103,202,1013,842,778,119
100946,20250208,1,102,207,1016,1086,987,79
100947,20250317,3,102,208,1001,1146,848,44
100948,20250224,3,101,207,1013,1120,802,34
100949,20250209,2,104,207,1022,780,643,117
100950,20250314,2,101,214,1011,1281,1052,45
100951,20250321,2,103,218,1021,869,756,109
100952,20250108,1,105,206,1008,592,551,26
100953,20250320,3,105,204,1025,615,455,15
100954,20250113,2,102,210,1008,1005,814,55
100955,20250127,1,105,218,1024,669,600,33
100956,20250322,2,105,212,1028,679,583,16
100957,20250128,1,105,216,1014,542,492,13
100958,20250203,1,103,207,1013,816,771,90
100959,20250326,2,105,206,1003,640,514,34
100960,20250111,1,105,205,1004,601,550,12
100961,20250121,2,105,203,1027,526,431,14
100962,20250131,1,101,212,1020,1121,1037,44
100963,20250123,1,103,215,1015,879,787,107
100964,20250312,1,102,210,1015,1072,976,48
100965,20250110,1,101,219,1030,1133,1038,30
100966,20250121,2,104,216,1027,707,567,125
100967,20250101,1,103,211,1021,883,830,89
100968,20250222,2,103,208,1013,938,820,95
100969,20250227,2,104,203,1009,813,659,149
100970,20250330,2,104,207,1028,745,631,138
100971,20250318,3,104,207,1025,861,667,152
100972,20250302,2,102,214,1010,1111,935,80
100973,20250207,1,105,202,1029,636,573,21
100974,20250105,1,103,210,1012,923,847,111
100975,20250130,1,105,219,1014,522,475,21
100976,20250206,2,105,209,1001,605,496,19
100977,20250206,1,104,216,1014,702,617,97
100978,20250331,2,102,219,1014,1088,895,74
100979,20250228,2,101,218,1008,1102,942,51
100980,20250110,1,102,209,1016,1193,1089,40
100981,20250329,3,105,216,1014,696,517,19
100982,20250130,1,102,213,1001,1152,1032,40
100983,20250203,1,104,210,1016,840,761,132
100984,20250322,2,101,214,1018,1243,1037,35
100985,20250317,2,104,212,1007,741,635,129
100986,20250326,2,101,219,1015,1196,977,25
100987,20250126,2,105,207,1024,608,516,26
100988,20250224,1,101,215,1017,1295,1212,59
100989,20250115,3,101,216,1019,1277,981,38
100990,20250311,3,101,208,1023,1266,980,37
100991,20250129,2,102,210,1013,1105,900,44
100992,20250324,1,102,204,1009,1046,930,47
100993,20250120,2,105,219,1024,663,554,24
100994,20250204,1,101,219,1024,1169,1086,51
100995,20250119,1,103,215,1015,848,765,69
100996,20250110,3,105,214,1025,512,408,10
100997,20250108,1,101,201,1026,1147,1087,38
100998,20250122,3,101,216,1003,1168,832,48
100999,20250209,2,102,210,1024,1186,949,45
101000,20250318,1,105,219,1001,538,473,16
101001,20250314,2,101,203,1016,1187,989,51
101002,20250206,3,101,205,1008,1195,891,22
101003,20250226,2,105,209,1029,584,470,34
101004,20250116,3,103,218,1023,837,590,109
101005,20250301,2,105,211,1013,600,483,25
101006,20250330,2,105,216,1008,546,445,36
101007,20250208,3,103,202,1017,864,675,113
101008,20250331,1,105,212,1022,503,446,34
101009,20250221,2,101,206,1023,1282,1051,48
101010,20250204,1,105,211,1014,563,524,11
101011,20250306,3,103,208,1027,850,634,109
101012,20250311,3,104,212,1021,724,544,106
101013,20250305,1,105,202,1030,621,563,40
101014,20250226,2,102,209,1021,1079,944,50
101015,20250111,3,101,215,1007,1261,974,55
101016,20250318,1,101,202,1027,1233,1095,50
101017,20250106,2,102,201,1015,1163,958,63
101018,20250225,3,102,210,1016,1013,796,53
101019,20250211,1,105,202,1019,528,473,23
101020,20250319,2,102,212,1006,1083,867,90
101021,20250202,1,104,208,1023,770,709,130
101022,20250104,3,103,205,1001,862,604,62
101023,20250112,3,102,201,1012,1148,893,70
101024,20250130,3,102,215,1018,1176,893,63
101025,20250328,2,104,206,1016,897,724,100
101026,20250315,3,101,212,1012,1227,870,59
101027,20250317,3,101,208,1020,1186,940,60
101028,20250103,1,105,213,1013,515,455,30
101029,20250328,3,104,219,1008,739,569,93
101030,20250204,1,103,201,1027,832,760,80
101031,20250315,2,103,211,1029,942,813,108
101032,20250106,1,104,201,1030,788,737,136
101033,20250123,1,103,208,1026,987,881,104
101034,20250302,1,101,205,1022,1196,1082,28
101035,20250308,2,103,217,1001,864,753,91
101036,20250325,1,103,208,1026,980,892,78
101037,20250226,2,104,210,1021,838,717,104
101038,20250205,1,104,202,1007,845,754,124
101039,20250124,1,103,209,1015,882,821,77
101040,20250316,2,102,203,1029,1153,1006,75
101041,20250225,3,104,218,1022,741,523,99
101042,20250323,1,105,207,1013,615,553,18
101043,20250304,2,105,215,1013,638,529,10
101044,20250112,3,101,218,1028,1298,991,44
101045,20250302,2,103,203,1009,987,804,61
101046,20250214,1,102,214,1024,1158,1088,89
101047,20250222,1,101,202,1015,1258,1128,24
101048,20250212,3,103,214,1004,968,771,112
101049,20250211,1,104,211,1013,799,713,143
101050,20250327,3,105,216,1027,696,525,29
101051,20250114,2,102,208,1012,1072,885,81
101052,20250121,3,105,207,1005,582,413,26
101053,20250212,3,104,211,1007,868,613,96
101054,20250222,3,103,203,1008,845,665,72
101055,20250330,1,104,217,1005,727,664,92
101056,20250305,3,104,214,1009,708,536,129
101057,20250206,2,105,206,1014,668,560,29
101058,20250326,2,102,208,1026,1179,998,43
101059,20250221,2,104,205,1012,793,648,89
101060,20250312,3,105,208,1004,503,398,16
101061,20250105,3,102,202,1020,1167,874,45
101062,20250228,3,103,215,1029,919,716,63
101063,20250112,2,103,212,1008,892,753,120
101064,20250210,2,101,217,1017,1206,1044,23
101065,20250202,2,105,201,1008,657,539,11
101066,20250211,1,102,215,1021,1187,1050,59
101067,20250115,1,104,214,1029,719,680,146
101068,20250221,1,103,216,1030,824,730,74
101069,20250307,1,102,209,1027,1136,1030,52
101070,20250101,1,105,201,1001,634,587,28
101071,20250326,1,101,217,1020,1260,1192,55
101072,20250311,1,103,213,1002,991,910,107
101073,20250301,1,102,205,1004,1027,958,76
101074,20250222,3,102,210,1024,1091,837,84
101075,20250107,2,102,206,1021,1170,975,46
101076,20250125,1,105,219,1001,542,507,27
101077,20250308,2,105,213,1007,602,505,31
101078,20250216,1,105,201,1001,540,495,29
101079,20250321,3,104,215,1009,813,644,120
101080,20250305,3,102,214,1003,1140,911,60
101081,20250322,1,103,208,1012,895,813,100
101082,20250226,2,105,210,1019,610,528,20
101083,20250107,3,105,209,1015,655,474,27
101084,20250127,3,102,217,1022,1054,777,75
101085,20250204,2,105,209,1016,690,566,40
101086,20250312,2,104,203,1010,815,681,130
101087,20250117,1,104,211,1022,700,651,116
101088,20250206,3,105,212,1029,652,457,14
101089,20250226,1,102,210,1027,1077,948,54
101090,20250331,3,102,217,1027,1054,827,41
101091,20250304,2,102,217,1006,1197,1036,84
101092,20250116,2,101,211,1029,1170,1022,52
101093,20250104,2,105,204,1017,642,542,28
101094,20250322,1,102,207,1021,1039,921,69
101095,20250319,1,104,214,1028,791,704,113
101096,20250131,1,103,207,1022,893,841,75
101097,20250121,1,103,208,1024,859,771,79
101098,20250209,3,102,201,1029,1023,774,76
101099,20250312,1,103,204,1017,855,796,106
101100,20250102,1,103,212,1021,883,826,71
101101,20250312,3,101,203,1019,1224,957,56
101102,20250222,3,104,213,1018,724,549,118
101103,20250112,3,104,206,1011,709,548,153
101104,20250129,3,101,211,1024,1197,847,23
101105,20250115,1,101,204,1007,1297,1171,47
101106,20250301,1,103,216,1010,906,856,67
101107,20250116,3,105,207,1007,697,503,30
101108,20250324,2,103,211,1005,954,834,100
101109,20250120,1,101,201,1012,1299,1200,23
101110,20250305,3,104,207,1016,778,585,120
101111,20250207,1,103,212,1029,938,862,80
101112,20250307,1,105,207,1025,628,583,14
101113,20250204,2,103,207,1021,812,693,85
101114,20250223,2,102,210,1018,1114,958,76
101115,20250303,2,103,216,1003,929,749,87
101116,20250302,1,101,208,1020,1174,1097,29
101117,20250201,3,104,209,1015,733,537,140
101118,20250228,1,104,209,1005,846,788,150
101119,20250312,1,101,202,1013,1202,1079,45
101120,20250119,3,102,213,1019,1128,838,84
101121,20250219,3,101,213,1012,1133,879,50
101122,20250125,3,103,204,1030,943,678,85
101123,20250318,3,101,212,1023,1266,958,55
101124,20250307,2,101,217,1021,1257,1105,53
101125,20250118,2,102,202,1005,1063,871,57
101126,20250109,1,103,213,1006,998,908,103
101127,20250205,2,105,218,1007,647,522,31
101128,20250223,1,105,215,1026,605,550,21
101129,20250213,1,104,208,1010,748,675,156
101130,20250306,2,101,215,1016,1267,1016,39
101131,20250204,2,104,201,1008,743,653,158
101132,20250101,1,102,210,1009,1113,1027,68
101133,20250206,1,105,212,1027,511,482,17
101134,20250208,2,101,205,1004,1151,983,29
101135,20250317,1,102,209,1021,1193,1110,45
101136,20250316,3,102,208,1021,1028,795,55
101137,20250326,2,101,216,1008,1258,1099,38
101138,20250304,2,102,214,1025,1003,829,47
101139,20250120,2,101,213,1007,1178,984,21
101140,20250227,3,101,213,1015,1184,853,54
101141,20250310,1,103,205,1021,854,763,93
101142,20250303,2,104,216,1003,892,732,141
101143,20250214,2,102,211,1017,1159,994,49
101144,20250212,1,102,205,1011,1177,1093,41
101145,20250312,3,103,213,1009,896,679,102
101146,20250311,3,103,211,1005,934,657,70
101147,20250218,2,103,219,1025,815,670,110
101148,20250228,3,105,203,1010,678,516,11
101149,20250211,3,105,215,1015,619,473,10
101150,20250125,2,105,207,1028,517,429,18
101151,20250331,3,101,207,1029,1269,996,43
101152,20250131,2,102,206,1014,1027,823,81
101153,20250315,2,104,203,1004,798,653,128
101154,20250219,2,101,213,1021,1230,1080,26
101155,20250130,3,102,207,1020,1080,808,78
101156,20250222,1,102,205,1002,1136,1006,52
101157,20250106,3,103,218,1012,928,739,95
101158,20250210,3,103,208,1001,982,689,75
101159,20250302,1,101,217,1024,1235,1113,51
101160,20250218,3,103,201,1020,900,696,61
101161,20250219,1,102,214,1005,1088,1009,62
101162,20250326,1,103,217,1006,960,865,92
101163,20250325,2,105,210,1030,570,493,30
101164,20250120,1,103,212,1024,865,814,116
101165,20250305,3,102,216,1011,1007,799,57
101166,20250105,3,101,214,1008,1157,827,45
101167,20250117,2,104,216,1007,868,703,128
101168,20250306,1,103,208,1004,933,883,99
101169,20250317,1,102,210,1006,1160,1076,66
101170,20250212,2,104,217,1016,761,643,134
101171,20250113,3,104,218,1020,779,616,122
101172,20250226,2,105,216,1015,614,517,16
101173,20250113,1,104,217,1014,867,771,149
101174,20250309,2,102,216,1023,1175,1015,48
101175,20250228,2,102,219,1012,1079,922,73
101176,20250102,3,103,208,1029,834,619,118
101177,20250119,1,103,206,1012,997,887,119
101178,20250222,3,103,206,1016,944,747,80
101179,20250325,2,104,209,1015,717,605,95
101180,20250120,3,104,204,1029,747,546,98
101181,20250110,1,105,212,1013,686,605,20
101182,20250302,2,103,212,1011,905,793,79
101183,20250203,3,101,217,1030,1213,939,60
101184,20250213,1,105,215,1017,689,619,34
101185,20250321,3,101,209,1021,1148,815,31
101186,20250330,2,104,207,1015,706,607,158
101187,20250220,1,105,210,1014,657,590,28
101188,20250325,1,105,216,1010,656,587,17
101189,20250111,2,102,212,1012,1059,905,62
101190,20250212,1,104,207,1016,720,668,141
101191,20250328,2,104,218,1015,734,616,157
101192,20250310,1,105,215,1010,620,576,21
101193,20250218,2,104,206,1004,747,648,142
101194,20250210,1,105,212,1027,621,552,16
101195,20250322,3,102,211,1023,1057,743,88
101196,20250304,3,105,203,1029,503,398,40
101197,20250311,3,104,202,1009,805,581,105
101198,20250105,2,104,206,1021,893,729,102
101199,20250321,1,105,205,1020,612,575,25
101200,20250109,3,105,218,1009,676,495,24
101201,20250131,1,105,216,1021,563,512,34
101202,20250322,1,103,208,1025,810,747,112
101203,20250329,1,104,211,1024,797,741,130
101204,20250206,2,104,210,1020,856,749,153
101205,20250130,3,103,212,1011,952,717,101
101206,20250112,2,105,206,1011,680,586,26
101207,20250225,2,102,205,1007,1027,858,42
101208,20250113,1,105,209,1021,562,514,22
101209,20250323,3,105,216,1010,688,484,22
101210,20250113,2,103,214,1004,932,802,63
101211,20250226,2,104,208,1005,748,615,130
101212,20250122,1,105,219,1005,577,539,19
101213,20250330,3,104,214,1011,818,586,117
101214,20250208,2,101,207,1009,1256,1097,53
101215,20250104,1,104,205,1028,736,671,137
101216,20250106,1,102,218,1016,1023,951,47
101217,20250211,2,102,202,1009,1046,901,84
101218,20250108,2,105,211,1022,639,518,23
101219,20250207,1,104,208,1030,782,712,102
101220,20250215,3,105,201,1004,616,467,32
101221,20250217,1,103,212,1002,851,801,65
101222,20250225,2,102,202,1014,1064,878,81
101223,20250119,3,105,218,1003,682,531,32
101224,20250201,2,103,207,1018,987,799,67
101225,20250309,2,105,217,1021,680,568,21
101226,20250222,1,104,214,1006,721,660,129
101227,20250314,1,104,207,1011,886,828,145
101228,20250329,3,104,203,1021,856,680,128
101229,20250124,2,104,206,1018,840,697,101
101230,20250122,3,101,202,1012,1185,896,29
101231,20250123,1,103,217,1005,841,791,71
101232,20250111,1,103,212,1009,996,926,86
101233,20250320,1,104,212,1020,778,701,137
101234,20250218,2,101,217,1028,1173,997,27
101235,20250321,1,104,210,1026,733,694,80
101236,20250329,3,101,203,1018,1259,977,20
101237,20250131,2,104,218,1019,817,686,143
101238,20250305,3,102,213,1003,1139,889,78
101239,20250316,1,102,212,1009,1126,1009,77
101240,20250119,3,105,217,1004,668,499,23
101241,20250130,3,104,204,1017,813,575,156
101242,20250301,3,103,210,1017,801,580,95
101243,20250323,3,105,211,1023,571,435,27
101244,20250202,3,102,206,1023,1053,742,49
101245,20250228,2,104,206,1002,714,608,84
101246,20250202,1,105,209,1009,537,504,31
101247,20250327,1,104,215,1009,847,795,118
101248,20250102,3,102,202,1005,1084,858,43
101249,20250301,2,105,204,1015,527,439,15
101250,20250206,3,102,205,1015,1041,798,79
101251,20250328,2,101,217,1003,1269,1085,58
101252,20250311,1,102,208,1019,1146,1071,51
101253,20250121,1,104,208,1028,816,760,126
101254,20250110,2,103,212,1003,809,653,79
101255,20250226,2,102,208,1006,1082,897,64
101256,20250214,1,103,219,1004,817,762,113
101257,20250317,2,101,203,1024,1240,998,50
101258,20250208,1,105,218,1013,534,474,37
101259,20250323,2,105,219,1027,570,471,23
101260,20250224,1,103,219,1013,934,835,73
101261,20250330,3,105,215,1027,656,463,28
101262,20250202,1,102,206,1011,1186,1124,73
101263,20250228,2,103,216,1005,822,689,104
101264,20250208,1,104,208,1001,854,807,116
101265,20250126,1,102,216,1009,1109,1023,60
101266,20250219,1,102,218,1017,1066,977,79
101267,20250303,2,102,216,1022,1090,952,79
101268,20250114,2,104,211,1001,844,708,160
101269,20250131,1,101,207,1003,1227,1122,31
101270,20250218,2,105,217,1015,656,537,19
101271,20250315,3,103,217,1026,849,594,61
101272,20250215,3,101,212,1021,1219,929,27
101273,20250315,1,103,213,1026,988,928,111
101274,20250207,2,105,210,1023,657,578,23
101275,20250331,1,104,207,1030,711,642,151
101276,20250207,1,102,214,1010,1163,1040,80
101277,20250103,3,102,201,1008,1051,808,56
101278,20250326,1,104,217,1012,717,646,144
101279,20250220,2,101,204,1025,1240,1024,20
101280,20250205,2,101,205,1022,1129,965,41
101281,20250102,2,103,207,1015,901,773,99
101282,20250314,2,104,210,1027,707,612,104
101283,20250329,1,101,217,1009,1184,1111,50
101284,20250107,1,104,207,1024,821,768,97
101285,20250319,2,105,201,1025,623,506,24
101286,20250305,1,102,207,1010,1137,1071,69
101287,20250206,1,102,211,1020,1200,1124,87
101288,20250130,1,102,209,1009,1014,951,59
101289,20250319,1,104,212,1015,844,785,120
101290,20250215,1,104,203,1023,842,772,106
101291,20250129,1,103,204,1021,947,878,111
101292,20250323,2,102,204,1021,1090,877,49
101293,20250125,2,103,213,1001,871,755,81
101294,20250321,3,102,219,1002,1096,835,50
101295,20250202,1,103,210,1026,946,872,71
101296,20250328,1,103,205,1019,952,845,110
101297,20250326,1,105,207,1030,692,623,37
101298,20250329,2,103,216,1014,880,753,77
101299,20250118,2,104,201,1008,805,649,110
101300,20250322,1,103,212,1006,895,815,120
101301,20250113,3,102,202,1012,1077,777,59
101302,20250322,1,103,207,1026,844,749,110
101303,20250324,2,101,211,1027,1109,956,25
101304,20250106,2,102,213,1029,1113,935,70
101305,20250209,3,101,202,1015,1228,878,41
101306,20250226,2,102,207,1014,1123,964,73
101307,20250105,3,104,215,1021,779,605,98
101308,20250316,1,104,211,1029,896,843,146
101309,20250216,3,104,202,1001,873,697,106
101310,20250117,1,101,207,1028,1285,1134,44
101311,20250112,3,105,204,1011,682,536,13
101312,20250207,2,102,211,1028,1001,825,42
101313,20250211,3,104,202,1025,875,686,91
101314,20250223,2,102,216,1003,1085,908,42
101315,20250123,2,101,207,1019,1126,947,39
101316,20250126,2,105,213,1018,505,427,19
101317,20250117,2,101,205,1020,1263,1100,40
101318,20250311,1,102,217,1028,1051,939,57
101319,20250216,1,105,212,1002,636,573,24
101320,20250309,1,105,219,1029,671,596,14
101321,20250306,1,101,207,1025,1140,1025,20
101322,20250204,3,104,206,1028,859,649,93
101323,20250122,1,102,208,1026,1052,965,75
101324,20250202,3,103,213,1007,881,640,120
101325,20250303,1,103,205,1008,980,917,96
101326,20250207,1,101,202,1019,1162,1036,39
101327,20250213,3,102,209,1022,1156,912,74
101328,20250115,2,102,211,1015,1113,894,41
101329,20250301,2,101,206,1010,1220,1064,23
101330,20250110,2,102,207,1022,1027,853,45
101331,20250119,2,104,207,1029,809,672,156
101332,20250129,1,101,219,1001,1251,1156,48
101333,20250328,3,104,206,1006,857,630,122
101334,20250328,3,102,211,1013,1050,809,82
101335,20250220,2,101,211,1014,1236,996,49
101336,20250313,1,102,207,1003,1145,1018,84
101337,20250216,2,101,202,1011,1219,984,39
101338,20250112,1,102,219,1003,1175,1087,89
101339,20250220,1,104,204,1019,819,747,108
101340,20250102,1,104,206,1010,736,692,158
101341,20250203,2,102,217,1027,1066,930,65
101342,20250310,3,101,205,1015,1146,882,41
101343,20250116,2,103,207,1011,883,738,61
101344,20250228,2,104,209,1015,716,600,124
101345,20250217,2,104,201,1026,822,687,101
101346,20250328,1,103,201,1027,872,814,98
101347,20250328,1,102,219,1024,1147,1019,46
101348,20250203,3,101,206,1013,1203,940,26
101349,20250316,1,102,218,1005,1083,995,44
101350,20250218,3,105,210,1004,577,434,22
101351,20250323,2,104,211,1013,851,708,159
101352,20250217,2,105,201,1009,562,474,25
101353,20250114,2,104,201,1025,798,642,106
101354,20250328,2,104,213,1017,877,743,135
101355,20250130,3,105,205,1002,645,502,27
101356,20250302,3,105,201,1024,677,489,31
101357,20250104,2,102,203,1005,1171,944,85
101358,20250321,1,105,218,1016,646,606,13
101359,20250313,2,102,209,1007,1151,975,60
101360,20250211,3,102,214,1001,1142,810,68
101361,20250320,1,102,217,1028,1045,942,65
101362,20250129,2,104,214,1026,717,607,156
101363,20250324,2,104,204,1012,897,776,121
101364,20250109,2,105,205,1021,626,533,11
101365,20250323,1,104,217,1011,723,647,97
101366,20250301,2,105,202,1012,648,565,30
101367,20250331,3,104,205,1019,700,542,99
101368,20250208,1,101,204,1026,1215,1114,44
101369,20250325,1,101,204,1012,1257,1157,32
101370,20250222,3,105,206,1012,552,424,20
101371,20250115,1,104,213,1014,776,713,118
101372,20250118,3,104,205,1002,811,625,124
101373,20250106,2,102,207,1002,1022,865,79
101374,20250105,1,103,201,1025,930,844,68
101375,20250208,3,105,214,1029,575,406,38
101376,20250305,2,103,204,1004,940,824,60
101377,20250115,2,103,217,1020,980,827,82
101378,20250113,1,105,214,1023,528,496,37
101379,20250131,2,104,216,1026,707,578,155
101380,20250310,1,105,214,1016,600,554,32
101381,20250118,1,103,216,1010,897,814,87
101382,20250219,3,104,208,1013,839,605,102
101383,20250228,1,101,203,1002,1221,1086,55
101384,20250217,2,105,219,1003,598,518,21
101385,20250327,1,105,201,1019,606,539,37
101386,20250331,3,104,202,1006,871,620,81
101387,20250311,1,101,215,1019,1118,1034,29
101388,20250223,3,101,210,1027,1284,1012,47
101389,20250317,2,104,218,1021,734,592,133
101390,20250120,1,102,214,1020,1116,1051,84
101391,20250223,1,105,217,1019,654,618,29
101392,20250325,1,105,213,1008,546,497,23
101393,20250113,2,103,201,1014,941,814,84
101394,20250304,1,104,205,1010,790,707,134
101395,20250320,3,103,213,1003,954,668,91
101396,20250222,2,103,214,1006,987,808,92
101397,20250205,1,101,203,1029,1168,1061,54
101398,20250105,2,105,215,1015,647,536,11
101399,20250330,2,103,219,1023,945,792,83
101400,20250217,1,101,217,1023,1128,1038,25
101401,20250128,1,104,203,1018,736,685,147
101402,20250226,1,103,216,1014,992,927,89
101403,20250226,2,105,214,1019,632,509,38
101404,20250131,2,103,212,1028,956,771,90
101405,20250216,2,104,212,1026,861,739,89
101406,20250113,3,103,211,1010,975,744,111
101407,20250329,3,105,217,1015,648,473,11
101408,20250217,2,101,208,1004,1187,1000,20
101409,20250311,3,105,217,1023,620,462,38
101410,20250324,1,101,211,1002,1220,1122,41
101411,20250215,1,102,202,1003,1107,1001,58
101412,20250108,1,105,210,1007,574,511,32
101413,20250220,1,105,210,1023,652,607,33
101414,20250205,2,104,211,1016,900,760,87
101415,20250125,3,103,206,1010,961,718,70
101416,20250116,1,101,204,1019,1246,1100,38
101417,20250228,1,101,212,1028,1288,1189,38
101418,20250112,2,104,211,1017,824,664,144
101419,20250326,3,104,213,1028,719,564,115
101420,20250128,1,103,205,1019,864,768,77
101421,20250324,2,103,206,1005,870,755,60
101422,20250323,1,105,201,1023,689,611,15
101423,20250318,1,102,206,1020,1151,1072,82
101424,20250103,3,103,218,1013,914,673,71
101425,20250107,3,104,209,1013,766,596,110
101426,20250212,1,103,215,1011,924,824,93
101427,20250201,3,101,208,1011,1108,813,25
101428,20250117,2,102,219,1016,1037,879,49
101429,20250314,3,105,216,1015,626,485,23
101430,20250127,2,101,206,1017,1297,1077,48
101431,20250109,2,101,206,1022,1285,1093,33
101432,20250312,2,102,203,1018,1147,984,62
101433,20250127,2,105,210,1028,513,436,34
101434,20250317,1,104,201,1019,729,644,139
101435,20250128,1,105,214,1004,602,549,25
101436,20250130,1,103,204,1022,991,937,119
101437,20250212,2,101,212,1022,1236,1011,44
101438,20250119,1,103,206,1023,921,827,93
101439,20250318,2,104,211,1005,811,649,137
101440,20250101,3,103,212,1007,897,688,93
101441,20250205,1,105,210,1002,674,638,13
101442,20250119,2,103,218,1001,936,796,114
101443,20250117,2,104,207,1012,810,687,114
101444,20250311,3,104,207,1010,785,570,92
101445,20250202,1,104,211,1008,765,708,130
101446,20250123,2,105,204,1001,618,532,33
101447,20250115,3,104,201,1012,761,588,155
101448,20250326,3,101,213,1002,1297,933,41
101449,20250104,2,104,218,1027,873,746,103
101450,20250117,2,103,209,1028,880,742,103
101451,20250102,2,103,209,1010,802,694,60
101452,20250215,3,103,209,1022,905,642,66
101453,20250131,2,105,210,1017,675,564,17
101454,20250317,1,103,202,1026,985,886,72
101455,20250211,3,105,206,1003,508,356,12
101456,20250103,2,105,215,1007,514,449,31
101457,20250123,2,104,203,1012,755,661,95
101458,20250203,1,101,211,1008,1281,1213,25
101459,20250107,2,104,206,1020,854,692,152
101460,20250117,1,104,203,1012,747,704,103
101461,20250223,2,105,211,1003,564,464,31
101462,20250309,1,105,215,1017,519,479,39
101463,20250115,2,103,213,1028,870,749,104
101464,20250109,3,103,210,1009,970,753,80
101465,20250302,1,104,206,1010,765,681,89
101466,20250227,3,102,215,1022,1070,832,64
101467,20250216,2,102,218,1006,1099,908,43
101468,20250307,3,103,218,1025,866,688,76
101469,20250317,3,102,207,1001,1045,777,71
101470,20250114,2,103,215,1022,851,722,71
101471,20250227,2,105,218,1012,665,558,14
101472,20250306,3,104,218,1005,838,651,107
101473,20250129,2,101,209,1013,1257,1070,48
101474,20250320,1,104,202,1027,883,793,84
101475,20250106,2,103,208,1015,818,659,106
101476,20250326,3,103,202,1022,864,671,61
101477,20250308,3,104,211,1030,827,591,80
101478,20250208,3,103,207,1011,809,620,77
101479,20250228,2,102,206,1008,1038,888,65
101480,20250324,3,102,210,1005,1147,803,85
101481,20250104,1,103,205,1002,997,911,87
101482,20250108,2,103,211,1012,903,783,109
101483,20250303,1,102,201,1028,1017,933,40
101484,20250221,1,103,202,1002,898,850,112
101485,20250224,1,103,201,1026,999,912,96
101486,20250329,1,104,219,1016,837,791,125
101487,20250114,2,101,202,1021,1185,1012,45
101488,20250304,1,102,204,1003,1014,937,81
101489,20250226,2,104,212,1010,723,599,123
101490,20250110,1,101,218,1019,1120,1051,38
101491,20250111,1,103,201,1008,965,862,95
101492,20250211,1,103,201,1007,810,767,102
101493,20250319,1,104,214,1001,748,673,129
101494,20250119,2,103,204,1012,827,703,82
101495,20250109,2,105,205,1029,624,503,30
101496,20250117,2,104,211,1028,812,697,97
101497,20250205,2,101,213,1005,1109,904,57
101498,20250321,1,104,216,1016,761,695,88
101499,20250323,3,102,213,1025,1138,869,71
101500,20250316,2,104,202,1004,836,733,137
101501,20250312,2,103,216,1017,804,645,63
101502,20250211,1,103,206,1024,886,828,62
101503,20250218,1,105,214,1021,603,535,35
101504,20250318,1,105,201,1002,667,618,24
101505,20250309,1,105,217,1012,673,633,27
101506,20250207,2,101,211,1001,1138,977,34
101507,20250228,2,105,219,1030,518,415,14
101508,20250306,2,101,203,1012,1225,1044,50
101509,20250319,3,105,211,1012,658,463,32
101510,20250225,3,101,205,1012,1266,902,31
101511,20250113,2,104,217,1019,861,692,119
101512,20250331,3,104,207,1025,724,539,101
101513,20250115,1,103,210,1017,951,841,112
101514,20250325,1,101,211,1020,1127,1000,58
101515,20250325,1,102,203,1024,1157,1036,52
101516,20250312,2,103,210,1024,909,751,113
101517,20250128,3,104,210,1026,888,681,121
101518,20250225,1,101,214,1028,1130,1071,56
101519,20250227,3,105,212,1011,639,456,36
101520,20250130,1,102,215,1013,1054,983,77
101521,20250222,3,104,210,1027,744,545,95
101522,20250213,1,103,210,1008,870,774,86
101523,20250228,1,101,219,1010,1143,1061,55
101524,20250221,2,102,201,1008,1042,870,77
101525,20250223,1,101,210,1020,1110,987,60
101526,20250113,1,105,202,1008,656,594,15
101527,20250210,1,103,217,1009,804,757,65
101528,20250224,3,101,207,1007,1101,771,25
101529,20250210,2,104,207,1014,880,749,116
101530,20250327,1,103,209,1028,906,841,110
101531,20250202,2,104,202,1002,897,751,96
101532,20250217,2,101,214,1025,1152,934,37
101533,20250120,1,103,217,1011,933,850,75
101534,20250329,2,104,201,1008,744,631,84
101535,20250302,1,105,209,1013,652,581,25
101536,20250109,1,105,219,1021,656,620,30
101537,20250112,2,101,204,1015,1300,1071,46
101538,20250111,1,103,208,1028,801,736,72
101539,20250112,2,102,213,1003,1030,905,46
101540,20250225,2,103,204,1023,958,794,108
101541,20250113,1,105,209,1014,638,584,24
101542,20250217,2,104,209,1030,897,762,106
101543,20250117,1,102,218,1015,1070,945,47
101544,20250313,3,101,212,1002,1138,874,50
101545,20250108,2,102,210,1029,1127,917,82
101546,20250317,3,101,211,1019,1111,783,43
101547,20250313,2,102,207,1012,1072,875,56
101548,20250313,1,101,209,1025,1185,1093,49
101549,20250212,2,101,206,1020,1111,898,23
101550,20250327,3,102,219,1004,1137,815,90
101551,20250116,2,102,216,1003,1007,844,47
101552,20250222,3,101,215,1005,1118,882,48
101553,20250215,3,105,207,1003,651,493,23
101554,20250327,1,102,216,1025,1050,978,60
101555,20250224,1,103,205,1015,858,801,80
101556,20250107,2,104,216,1019,758,612,132
101557,20250206,2,101,201,1002,1151,955,34
101558,20250318,3,101,219,1012,1118,835,51
101559,20250209,3,104,205,1005,713,562,98
101560,20250215,1,105,207,1022,555,524,24
101561,20250114,1,104,219,1017,745,675,97
101562,20250315,3,102,205,1014,1117,862,80
101563,20250306,1,104,217,1028,791,750,105
101564,20250128,3,101,208,1027,1185,844,56
101565,20250120,2,104,201,1022,715,588,94
101566,20250326,2,103,202,1010,919,768,70
101567,20250303,1,102,215,1003,1194,1079,58
101568,20250129,2,104,218,1004,854,693,158
101569,20250114,2,101,211,1006,1143,967,55
101570,20250214,2,102,210,1024,1058,853,73
101571,20250313,1,101,204,1025,1225,1151,33
101572,20250217,2,105,205,1022,651,545,24
101573,20250115,3,103,204,1016,871,610,87
101574,20250205,1,105,213,1007,688,647,17
101575,20250315,1,103,213,1015,883,803,74
101576,20250129,1,104,218,1030,851,805,153
101577,20250224,2,102,202,1021,1001,834,42
101578,20250313,2,104,216,1030,710,624,144
101579,20250321,2,103,201,1028,808,673,85
101580,20250320,1,103,219,1025,922,863,104
101581,20250328,1,103,209,1020,825,752,75
101582,20250324,2,101,203,1026,1121,946,20
101583,20250313,2,102,207,1011,1177,1010,53
101584,20250104,3,104,210,1022,733,539,110
101585,20250319,1,104,201,1021,865,821,82
101586,20250326,2,105,210,1001,622,530,15
101587,20250330,2,103,209,1005,980,820,96
101588,20250204,2,103,215,1013,991,839,89
101589,20250104,2,103,215,1021,918,791,115
101590,20250124,2,104,203,1014,880,732,127
101591,20250204,3,105,205,1009,660,492,30
101592,20250331,1,101,209,1017,1100,1034,24
101593,20250209,1,102,209,1015,1098,1034,61
101594,20250213,2,101,207,1021,1235,991,47
101595,20250214,2,104,212,1007,892,732,158
101596,20250101,1,103,209,1027,938,863,73
101597,20250124,1,102,206,1022,1175,1040,61
101598,20250119,1,104,202,1022,888,839,145
101599,20250314,3,104,209,1012,872,642,86
101600,20250326,1,104,217,1023,728,660,139
101601,20250221,1,102,201,1006,1158,1022,63
101602,20250109,1,102,219,1021,1044,966,85
101603,20250119,1,105,206,1016,517,475,34
101604,20250323,1,105,205,1026,552,491,20
101605,20250104,2,101,202,1005,1161,978,50
101606,20250112,1,102,209,1009,1188,1123,77
101607,20250309,3,102,214,1014,1179,850,87
101608,20250128,1,102,204,1008,1194,1069,62
101609,20250218,2,105,204,1014,568,477,23
101610,20250223,3,104,215,1012,770,543,127
101611,20250228,2,103,208,1010,888,742,92
101612,20250213,2,105,204,1030,634,549,25
101613,20250121,1,102,216,1020,1181,1083,74
101614,20250217,1,105,204,1020,574,523,21
101615,20250209,2,101,216,1026,1272,1113,24
101616,20250211,3,102,212,1021,1048,827,69
101617,20250314,2,101,216,1013,1122,904,31
101618,20250318,2,102,219,1029,1073,940,44
101619,20250111,2,105,208,1019,527,428,13
101620,20250107,2,104,206,1015,878,712,99
101621,20250120,1,103,210,1008,852,780,100
101622,20250121,2,101,205,1023,1105,909,54
101623,20250321,3,105,218,1021,533,398,23
101624,20250107,1,104,210,1010,813,757,82
101625,20250328,2,105,210,1003,574,467,10
101626,20250111,1,101,207,1021,1159,1087,53
101627,20250204,2,103,218,1003,965,797,97
101628,20250226,1,105,201,1026,587,543,35
101629,20250326,2,102,207,1005,1083,908,82
101630,20250224,3,104,201,1016,878,661,150
101631,20250304,1,105,215,1017,613,559,28
101632,20250319,2,104,204,1006,733,639,119
101633,20250226,3,102,210,1026,1043,812,54
101634,20250223,3,103,209,1020,923,680,78
101635,20250204,1,103,202,1020,997,936,69
101636,20250128,1,102,214,1016,1090,980,50
101637,20250307,1,104,216,1024,858,810,148
101638,20250115,3,105,201,1002,573,411,15
101639,20250214,3,102,202,1020,1181,908,82
101640,20250225,2,101,207,1015,1139,925,27
101641,20250115,3,104,210,1018,710,567,153
101642,20250206,2,103,201,1001,832,694,83
101643,20250328,2,102,213,1026,1047,854,85
101644,20250328,1,103,201,1029,808,748,82
101645,20250317,3,104,205,1029,737,543,149
101646,20250304,1,103,216,1019,841,771,67
101647,20250309,3,102,215,1012,1006,744,71
101648,20250327,3,104,217,1008,896,640,138
101649,20250209,2,101,216,1006,1181,959,54
101650,20250106,1,102,213,1012,1129,1019,85
101651,20250129,1,105,211,1007,575,525,19
101652,20250220,1,102,217,1018,1193,1131,76
101653,20250318,1,104,217,1022,870,774,152
101654,20250108,1,102,202,1014,1186,1118,68
101655,20250101,3,101,213,1008,1186,911,50
101656,20250127,2,101,214,1024,1110,900,55
101657,20250208,1,105,211,1020,529,476,22
101658,20250128,1,103,210,1022,958,899,88
101659,20250118,2,104,203,1014,791,638,87
101660,20250202,2,104,217,1005,855,727,154
101661,20250207,2,103,215,1009,934,763,119
101662,20250211,3,101,209,1008,1296,943,21
101663,20250116,2,101,210,1002,1121,945,48
101664,20250101,3,102,208,1028,1173,899,45
101665,20250305,3,105,213,1016,631,466,25
101666,20250225,1,105,218,1013,581,535,26
101667,20250123,3,105,205,1007,514,406,21
101668,20250117,1,102,206,1016,1101,980,67
101669,20250218,3,105,217,1007,594,438,10
101670,20250310,1,103,211,1027,872,788,79
101671,20250130,3,102,216,1014,1114,877,45
101672,20250306,3,103,209,1014,855,660,88
101673,20250313,3,102,202,1012,1189,950,68
101674,20250327,3,105,205,1001,573,410,33
101675,20250215,1,103,201,1001,908,845,86
101676,20250110,1,103,204,1012,835,783,98
101677,20250220,2,103,204,1020,822,667,79
101678,20250106,1,102,203,1021,1121,1064,73
101679,20250225,2,104,209,1015,785,632,155
101680,20250103,1,105,212,1004,693,628,10
101681,20250228,3,103,210,1007,904,690,77
101682,20250110,2,104,202,1016,806,656,139
101683,20250210,3,105,211,1003,681,515,39
101684,20250315,1,105,210,1007,535,478,36
101685,20250224,3,103,206,1029,897,653,91
101686,20250315,3,103,218,1024,810,633,79
101687,20250221,2,102,202,1022,1149,947,75
101688,20250323,2,104,202,1006,889,744,83
101689,20250223,3,104,210,1016,700,500,118
101690,20250207,1,103,216,1024,963,903,90
101691,20250115,2,105,212,1008,531,452,38
101692,20250221,1,103,201,1023,873,793,91
101693,20250103,1,105,208,1022,676,625,10
101694,20250211,1,105,216,1006,530,494,25
101695,20250122,1,103,218,1010,817,753,83
101696,20250321,1,101,213,1016,1248,1140,47
101697,20250228,1,104,215,1011,766,707,140
101698,20250330,3,105,212,1013,677,529,21
101699,20250216,2,105,208,1029,631,541,10
101700,20250112,3,101,210,1006,1166,835,23
101701,20250225,2,102,214,1024,1037,856,84
101702,20250114,1,101,205,1001,1134,1026,23
101703,20250201,2,101,218,1021,1169,968,60
101704,20250225,2,105,219,1019,591,475,19
101705,20250317,1,104,215,1012,835,772,89
101706,20250221,2,101,206,1024,1231,1003,60
101707,20250309,1,102,211,1027,1046,976,78
101708,20250111,2,103,211,1006,992,806,80
101709,20250220,2,101,218,1030,1180,1022,39
101710,20250209,1,101,218,1018,1169,1084,43
101711,20250213,1,102,210,1013,1024,939,62
101712,20250129,3,104,202,1007,736,516,146
101713,20250212,2,101,209,1023,1172,972,51
101714,20250122,1,101,214,1013,1205,1089,30
101715,20250110,3,104,219,1021,726,524,144
101716,20250307,1,102,210,1008,1056,990,90
101717,20250323,2,101,204,1030,1243,1055,53
101718,20250115,3,104,206,1021,836,644,94
101719,20250309,1,101,214,1017,1206,1100,24
101720,20250307,1,103,204,1009,829,777,119
101721,20250125,1,105,215,1020,504,460,19
101722,20250214,1,103,216,1013,976,883,112
101723,20250214,1,101,207,1002,1213,1142,58
101724,20250324,2,102,217,1004,1133,975,61
101725,20250119,1,105,219,1030,544,505,10
101726,20250131,2,103,219,1029,990,856,74
101727,20250114,3,104,217,1025,732,575,98
101728,20250119,3,102,206,1002,1176,849,48
101729,20250202,2,103,211,1004,853,691,65
101730,20250126,1,104,216,1018,808,750,94
101731,20250123,2,101,208,1005,1119,896,50
101732,20250319,2,104,211,1019,893,745,105
101733,20250120,2,103,207,1010,827,663,102
101734,20250325,1,103,219,1018,931,857,90
101735,20250110,3,101,210,1030,1130,893,22
101736,20250123,2,104,209,1025,716,590,81
101737,20250322,1,104,204,1021,893,791,95
101738,20250305,1,101,215,1010,1254,1121,32
101739,20250301,2,104,213,1005,747,637,83
101740,20250314,3,101,202,1017,1123,802,37
101741,20250316,2,102,202,1022,1148,950,50
101742,20250227,3,103,216,1013,928,722,99
101743,20250329,1,102,209,1023,1061,971,44
101744,20250314,2,105,213,1017,525,454,34
101745,20250324,2,105,203,1009,503,423,32
101746,20250323,1,105,209,1024,549,520,15
101747,20250321,1,101,213,1012,1293,1186,26
101748,20250211,3,104,202,1014,754,597,140
101749,20250322,1,102,208,1014,1093,1015,51
101750,20250210,2,102,209,1008,1112,949,46
101751,20250120,1,102,216,1023,1046,981,64
101752,20250226,1,102,202,1005,1108,991,54
101753,20250109,1,105,206,1019,604,536,20
101754,20250302,3,102,208,1028,1031,769,73
101755,20250226,3,104,205,1014,734,550,126
101756,20250322,3,105,209,1009,680,495,33
101757,20250208,2,102,201,1030,1010,814,71
101758,20250205,1,101,209,1007,1129,1023,49
101759,20250317,2,103,210,1027,953,818,103
101760,20250108,2,103,204,1026,913,746,86
101761,20250215,3,103,203,1026,874,697,87
101762,20250306,1,105,210,1008,548,515,38
101763,20250110,2,102,215,1014,1121,981,63
101764,20250209,1,105,211,1022,545,480,31
101765,20250301,1,104,214,1028,825,764,130
101766,20250227,2,101,206,1014,1212,1020,25
101767,20250105,2,101,212,1011,1130,916,45
101768,20250108,1,103,213,1014,977,900,66
101769,20250217,1,103,217,1021,989,934,70
101770,20250206,2,103,216,1008,816,676,72
101771,20250110,3,102,203,1003,1086,781,65
101772,20250324,3,104,202,1028,731,528,134
101773,20250112,3,104,211,1029,885,663,154
101774,20250320,3,104,209,1029,851,618,131
101775,20250318,1,104,203,1023,791,722,157
101776,20250306,2,103,218,1018,903,793,92
101777,20250219,2,101,215,1003,1171,950,49
101778,20250301,1,103,214,1013,827,734,91
101779,20250316,3,104,202,1012,827,597,97
101780,20250312,1,103,217,1015,807,715,63
101781,20250106,3,104,208,1018,717,537,83
101782,20250227,2,105,210,1005,545,452,31
101783,20250315,2,101,218,1007,1183,960,59
101784,20250325,2,105,219,1011,659,532,12
101785,20250125,3,102,208,1026,1169,906,89
101786,20250211,2,103,208,1027,926,799,72
101787,20250319,2,102,203,1011,1075,916,71
101788,20250302,1,103,203,1027,929,834,81
101789,20250306,2,105,212,1015,638,538,40
101790,20250120,1,104,217,1010,895,789,135
101791,20250108,2,104,204,1015,730,606,120
101792,20250227,2,103,217,1013,896,748,62
101793,20250114,2,104,214,1014,708,576,118
101794,20250213,1,105,219,1017,680,606,23
101795,20250111,1,104,209,1013,734,661,129
101796,20250306,2,105,212,1010,624,537,28
101797,20250324,1,102,205,1025,1172,1071,75
101798,20250123,1,105,211,1001,675,619,25
101799,20250106,1,101,203,1001,1221,1122,30
101800,20250201,3,101,215,1030,1229,867,36
101801,20250226,2,101,214,1015,1226,1038,44
101802,20250226,1,103,211,1016,957,887,109
101803,20250309,1,103,208,1012,872,786,61
101804,20250308,1,103,204,1026,951,839,113
101805,20250320,3,105,212,1024,593,435,33
101806,20250121,2,103,208,1006,949,761,117
101807,20250216,1,102,206,1006,1160,1048,46
101808,20250217,1,101,215,1012,1209,1093,42
101809,20250206,1,105,212,1025,605,547,31
101810,20250219,2,101,216,1015,1162,952,39
101811,20250222,3,103,216,1004,951,673,104
101812,20250213,1,105,204,1024,516,485,13
101813,20250328,1,104,211,1004,786,701,148
101814,20250318,1,102,213,1030,1083,955,82
101815,20250107,3,103,209,1002,908,687,117
101816,20250322,1,103,204,1027,907,815,104
101817,20250324,3,102,212,1024,1120,849,60
101818,20250212,2,102,209,1012,1096,926,60
101819,20250109,1,104,213,1007,846,750,142
101820,20250212,1,103,216,1020,825,765,73
101821,20250113,1,103,206,1009,886,810,111
101822,20250313,2,101,210,1009,1295,1105,30
101823,20250328,3,105,213,1008,657,479,23
101824,20250219,2,105,207,1014,551,462,37
101825,20250206,2,101,219,1001,1119,970,54
101826,20250202,1,105,219,1023,554,498,11
101827,20250326,3,102,217,1021,1076,860,65
101828,20250319,3,105,213,1023,557,424,40
101829,20250120,1,105,213,1012,523,486,28
101830,20250212,3,101,202,1025,1124,853,37
101831,20250111,2,104,210,1002,717,606,147
101832,20250316,2,105,213,1013,621,518,21
101833,20250326,2,105,209,1030,519,442,19
101834,20250119,3,104,201,1027,829,646,135
101835,20250214,2,101,214,1004,1269,1070,32
101836,20250209,1,104,216,1020,806,731,159
101837,20250325,1,101,215,1018,1231,1122,55
101838,20250331,3,102,201,1019,1046,824,80
101839,20250326,1,101,217,1016,1280,1172,31
101840,20250220,1,102,213,1027,1147,1049,82
101841,20250117,2,102,215,1014,1190,1041,57
101842,20250318,2,101,216,1030,1263,1064,59
101843,20250111,2,103,216,1029,996,869,119
101844,20250209,3,101,202,1008,1244,961,23
101845,20250313,1,105,217,1012,633,565,24
101846,20250218,1,105,211,1009,537,481,33
101847,20250324,1,103,208,1006,975,910,114
101848,20250212,3,102,203,1026,1111,823,44
101849,20250117,2,103,212,1018,962,785,86
101850,20250327,1,105,216,1002,568,532,30
101851,20250331,3,103,214,1023,841,610,98
101852,20250329,3,101,216,1008,1160,859,27
101853,20250309,3,103,217,1024,838,602,75
101854,20250112,3,102,211,1014,1079,805,75
101855,20250324,1,101,217,1006,1211,1101,22
101856,20250327,3,104,219,1010,751,537,97
101857,20250224,2,105,201,1008,507,416,35
101858,20250307,3,105,212,1030,571,437,15
101859,20250216,2,103,215,1017,964,836,106
101860,20250103,3,101,218,1025,1224,952,23
101861,20250216,2,104,214,1029,721,594,118
101862,20250209,1,101,201,1012,1116,1052,46
101863,20250124,2,105,213,1017,593,506,38
101864,20250128,3,101,215,1013,1123,830,28
101865,20250213,3,104,207,1019,760,540,144
101866,20250304,1,103,215,1012,830,760,113
101867,20250125,1,102,210,1016,1148,1086,73
101868,20250129,1,101,214,1025,1164,1064,25
101869,20250118,2,102,206,1027,1060,898,89
101870,20250120,3,105,214,1005,580,425,28
101871,20250110,1,103,212,1025,988,896,107
101872,20250207,2,103,211,1016,990,810,87
101873,20250113,3,101,219,1025,1155,825,31
101874,20250306,2,103,202,1006,854,749,88
101875,20250311,2,101,201,1011,1204,987,57
101876,20250309,2,101,208,1017,1114,934,43
101877,20250105,2,102,214,1026,1179,1032,60
101878,20250326,1,103,209,1023,939,854,103
101879,20250213,2,101,202,1014,1163,1020,29
101880,20250321,2,102,205,1006,1092,915,63
101881,20250117,3,104,208,1025,778,546,157
101882,20250318,2,102,216,1023,1008,874,82
101883,20250218,3,102,216,1030,1013,779,90
101884,20250120,1,101,213,1028,1271,1139,55
101885,20250121,2,105,215,1011,598,493,40
101886,20250124,1,105,201,1012,679,614,35
101887,20250330,1,105,203,1013,675,599,37
101888,20250321,2,102,206,1004,1060,920,64
101889,20250122,3,101,214,1007,1102,871,45
101890,20250226,1,103,204,1002,865,779,119
101891,20250106,2,102,218,1006,1193,976,53
101892,20250222,3,102,215,1006,1041,824,80
101893,20250216,1,101,209,1018,1181,1111,46
101894,20250328,2,104,218,1030,708,581,90
101895,20250131,2,102,203,1020,1199,1049,70
101896,20250226,2,104,210,1008,888,739,122
101897,20250320,1,104,217,1008,883,803,92
101898,20250206,1,105,207,1029,541,502,26
101899,20250227,3,101,215,1008,1116,820,58
101900,20250130,2,104,201,1008,886,766,121
101901,20250310,1,101,211,1001,1216,1129,23
101902,20250131,3,105,217,1002,664,507,30
101903,20250209,1,101,205,1012,1213,1134,28
101904,20250302,2,102,207,1015,1000,832,80
101905,20250125,1,104,219,1004,778,701,90
101906,20250217,3,101,215,1028,1128,807,53
101907,20250328,1,103,203,1025,982,930,113
101908,20250315,1,101,215,1003,1266,1181,58
101909,20250226,1,104,205,1014,875,795,120
101910,20250301,1,105,212,1022,615,561,33
101911,20250206,3,105,205,1023,534,387,31
101912,20250218,3,104,203,1008,851,666,116
101913,20250306,1,102,209,1013,1050,930,63
101914,20250309,2,102,209,1023,1046,869,64
101915,20250223,2,105,207,1019,646,528,40
101916,20250121,3,105,202,1022,505,400,30
101917,20250126,2,104,216,1005,856,727,91
101918,20250319,1,102,209,1013,1118,999,84
101919,20250118,2,105,213,1028,543,436,29
101920,20250202,2,102,219,1026,1109,940,49
101921,20250107,1,105,217,1020,522,494,15
101922,20250324,2,101,206,1001,1245,1007,53
101923,20250303,1,103,204,1016,911,850,119
101924,20250217,3,101,201,1030,1216,951,51
101925,20250312,1,105,218,1029,530,474,16
101926,20250114,2,103,219,1023,848,742,112
101927,20250308,2,103,209,1024,1000,821,107
101928,20250116,2,105,213,1002,626,519,23
101929,20250206,1,105,208,1007,552,508,36
101930,20250111,2,102,213,1006,1072,919,52
101931,20250121,2,105,215,1005,607,494,35
101932,20250204,2,104,211,1029,737,591,113
101933,20250227,2,105,212,1004,560,475,39
101934,20250307,2,104,214,1002,763,632,138
101935,20250119,3,105,204,1010,521,365,14
101936,20250225,1,102,201,1022,1082,1025,65
101937,20250112,3,104,204,1005,875,631,129
101938,20250129,2,101,219,1018,1281,1068,58
101939,20250227,1,104,209,1010,765,677,151
101940,20250214,1,102,210,1023,1015,896,55
101941,20250104,1,104,204,1022,820,773,157
101942,20250223,3,105,209,1028,671,534,29
101943,20250107,2,105,213,1015,681,585,11
101944,20250220,3,102,212,1027,1001,726,79
101945,20250306,2,103,211,1009,897,739,85
101946,20250217,2,105,212,1011,671,556,40
101947,20250131,1,101,218,1026,1243,1097,31
101948,20250219,1,102,212,1021,1066,950,71
101949,20250111,2,104,216,1025,786,684,96
101950,20250217,1,104,205,1025,722,651,147
101951,20250129,1,101,212,1029,1210,1076,27
101952,20250104,2,105,211,1017,580,466,14
101953,20250210,2,102,209,1021,1127,980,57
101954,20250113,3,101,218,1009,1291,950,47
101955,20250325,3,105,203,1023,572,452,18
101956,20250212,2,102,217,1016,1156,1001,56
101957,20250119,2,104,214,1006,832,686,101
101958,20250118,2,102,201,1022,1080,927,71
101959,20250105,3,103,217,1011,995,791,95
101960,20250206,1,102,208,1023,1168,1079,68
101961,20250302,2,103,205,1017,813,662,63
101962,20250331,3,102,205,1004,1058,759,70
101963,20250118,1,103,209,1029,866,771,89
101964,20250302,2,104,203,1015,811,656,143
101965,20250227,2,105,219,1001,510,426,32
101966,20250320,1,103,209,1022,943,861,91
101967,20250101,1,103,218,1030,828,777,115
101968,20250111,1,104,216,1029,737,654,91
101969,20250103,1,103,201,1020,852,801,71
101970,20250202,1,101,202,1001,1143,1065,37
101971,20250128,3,104,214,1009,844,665,154
101972,20250120,1,101,214,1012,1154,1062,20
101973,20250312,2,104,201,1004,834,718,103
101974,20250319,1,103,216,1028,906,855,75
101975,20250309,3,101,215,1022,1296,971,26
101976,20250224,1,103,215,1013,884,779,103
101977,20250115,2,104,212,1007,874,707,127
101978,20250206,3,103,216,1008,951,754,66
101979,20250131,3,101,214,1028,1182,845,25
101980,20250208,1,101,215,1013,1217,1141,50
101981,20250116,3,103,215,1011,916,698,77
101982,20250107,2,102,219,1009,1152,982,61
101983,20250131,2,104,208,1025,711,606,137
101984,20250223,1,104,202,1024,783,740,152
101985,20250323,1,103,202,1016,833,745,63
101986,20250321,2,102,210,1010,1164,957,43
101987,20250228,2,101,203,1011,1290,1039,58
101988,20250109,2,105,217,1012,597,482,18
101989,20250115,2,105,208,1028,545,446,34
101990,20250305,3,103,204,1014,902,639,114
101991,20250318,1,102,214,1019,1053,938,89
101992,20250310,2,102,210,1012,1103,907,88
101993,20250103,1,104,201,1018,867,772,118
101994,20250322,3,101,204,1021,1225,955,39
101995,20250307,2,102,201,1017,1175,996,62
101996,20250315,3,105,217,1003,670,475,21
101997,20250131,1,101,217,1001,1231,1100,48
101998,20250119,1,101,207,1029,1199,1095,56
101999,20250207,1,103,215,1019,953,866,108
102000,20250224,1,102,213,1029,1108,1037,79
102001,20250101,1,103,202,1004,847,771,87
102002,20250320,3,102,219,1023,1023,720,61
102003,20250215,1,104,213,1028,818,758,99
102004,20250131,1,103,211,1016,926,849,101
102005,20250315,3,103,215,1012,934,661,89
102006,20250223,2,105,210,1021,611,492,35
102007,20250124,3,103,209,1021,922,673,68
102008,20250327,1,102,209,1013,1175,1108,55
102009,20250327,2,105,201,1017,633,528,28
102010,20250111,1,103,217,1008,812,745,118
102011,20250309,1,103,212,1013,811,742,92
102012,20250216,3,104,210,1020,808,598,139
102013,20250109,1,103,205,1026,969,901,112
102014,20250309,2,101,218,1005,1164,964,57
102015,20250311,2,105,215,1018,520,447,10
102016,20250306,1,101,206,1015,1129,1052,49
102017,20250306,3,105,207,1012,545,424,36
102018,20250312,1,104,217,1029,800,706,133
102019,20250103,2,103,206,1017,980,807,97
102020,20250219,3,103,208,1025,985,734,102
102021,20250302,2,103,212,1015,915,777,76
102022,20250106,3,105,214,1002,587,467,37
102023,20250323,1,103,212,1006,847,757,65
102024,20250219,2,101,210,1017,1291,1134,36
102025,20250217,1,103,215,1016,972,862,94
102026,20250202,2,104,207,1017,704,563,94
102027,20250103,3,101,209,1025,1103,791,50
102028,20250215,1,103,210,1020,917,851,115
102029,20250109,2,103,210,1009,968,849,98
102030,20250214,1,102,216,1027,1185,1083,79
102031,20250131,2,105,207,1005,657,544,31
102032,20250326,2,101,205,1023,1276,1089,39
102033,20250322,3,102,203,1001,1022,728,40
102034,20250114,2,104,218,1006,748,605,82
102035,20250316,1,105,211,1024,678,642,37
102036,20250212,1,101,215,1014,1106,989,29
102037,20250118,1,103,205,1017,966,866,113
102038,20250106,1,101,212,1025,1260,1184,54
102039,20250215,1,103,204,1019,848,751,109
102040,20250311,3,105,215,1001,618,441,23
102041,20250213,2,103,209,1001,805,651,117
102042,20250324,2,104,207,1013,739,634,136
102043,20250123,1,103,210,1014,924,843,115
102044,20250329,3,104,213,1027,815,618,105
102045,20250301,2,105,208,1006,575,486,36
102046,20250331,1,105,212,1027,600,530,10
102047,20250303,2,101,219,1006,1126,957,47
102048,20250322,2,104,201,1001,806,699,154
102049,20250124,1,104,216,1030,852,793,117
102050,20250118,2,102,217,1014,1009,846,71
102051,20250109,2,102,218,1003,1131,958,79
102052,20250228,1,102,211,1023,1173,1106,71
102053,20250105,3,103,218,1010,859,662,93
102054,20250207,3,102,207,1019,1004,745,60
102055,20250126,2,104,218,1019,841,677,133
102056,20250106,2,103,208,1019,921,745,99
102057,20250126,2,105,206,1028,665,550,32
102058,20250106,2,101,207,1023,1211,970,38
102059,20250210,2,102,210,1004,1185,966,62
102060,20250209,1,105,211,1020,612,548,17
102061,20250307,2,104,213,1019,850,741,123
102062,20250220,3,101,209,1010,1254,984,49
102063,20250311,2,105,207,1027,533,464,33
102064,20250302,1,101,209,1025,1282,1163,46
102065,20250202,3,102,213,1002,1172,896,63
102066,20250105,1,104,203,1004,820,767,100
102067,20250324,1,101,203,1024,1259,1126,25
102068,20250125,1,105,201,1006,670,612,15
102069,20250206,1,102,202,1030,1051,936,71
102070,20250215,3,102,203,1007,1025,798,71
102071,20250107,2,105,215,1016,577,472,27
102072,20250325,1,105,206,1029,512,486,21
102073,20250212,3,101,213,1007,1166,857,30
102074,20250204,3,103,201,1018,844,660,117
102075,20250116,3,102,219,1020,1128,793,44
102076,20250217,1,101,201,1026,1186,1079,59
102077,20250225,2,105,202,1026,558,451,17
102078,20250221,3,101,215,1022,1224,888,41
102079,20250226,3,105,214,1019,700,514,11
102080,20250219,1,104,219,1009,897,844,114
102081,20250213,1,105,211,1029,538,505,37
102082,20250124,2,105,215,1020,631,535,13
102083,20250305,3,105,206,1010,680,479,40
102084,20250330,2,103,209,1013,912,787,113
102085,20250305,2,105,205,1018,693,560,13
102086,20250217,1,102,202,1016,1200,1107,90
102087,20250308,2,102,206,1022,1026,888,42
102088,20250204,3,101,218,1017,1229,873,60
102089,20250111,1,103,219,1022,830,780,118
102090,20250224,3,101,209,1013,1192,853,38
102091,20250111,3,102,206,1012,1181,878,72
102092,20250225,1,102,214,1010,1127,1049,46
102093,20250319,2,104,213,1001,739,629,122
102094,20250124,1,105,211,1030,535,475,16
102095,20250311,3,102,212,1008,1112,886,89
102096,20250207,2,101,219,1021,1296,1037,50
102097,20250211,2,101,219,1022,1187,976,30
102098,20250114,3,105,219,1018,521,378,32
102099,20250111,1,105,213,1002,693,629,30
102100,20250211,3,104,214,1016,870,630,147
102101,20250326,2,103,218,1012,907,782,68
102102,20250207,1,101,212,1009,1209,1098,46
102103,20250209,2,105,204,1003,617,540,26
102104,20250227,3,101,210,1022,1274,937,21
102105,20250319,1,105,217,1026,613,545,10
102106,20250224,3,102,204,1021,1183,923,44
102107,20250122,3,101,212,1030,1121,822,45
102108,20250330,1,102,213,1028,1197,1067,43
102109,20250226,3,101,204,1004,1200,931,29
102110,20250214,1,103,210,1026,947,837,100
102111,20250227,1,104,203,1002,882,825,146
102112,20250106,1,102,215,1008,1075,977,83
102113,20250215,3,105,202,1010,679,512,19
102114,20250320,2,103,217,1016,984,845,118
102115,20250225,1,101,206,1023,1188,1046,37
102116,20250205,2,102,208,1011,1135,963,49
102117,20250323,2,101,203,1018,1279,1064,33
102118,20250108,1,101,218,1022,1239,1144,59
102119,20250110,3,101,201,1014,1266,942,42
102120,20250327,3,104,216,1008,900,688,105
102121,20250323,2,104,207,1023,777,626,148
102122,20250221,3,105,203,1015,585,432,33
102123,20250216,2,102,204,1017,1189,1034,73
102124,20250307,3,103,209,1021,938,683,65
102125,20250328,2,103,205,1018,930,785,93
102126,20250121,2,103,219,1006,887,763,70
102127,20250104,1,101,215,1023,1105,974,54
102128,20250119,3,104,208,1030,851,617,118
102129,20250319,2,102,206,1014,1185,988,72
102130,20250328,1,101,218,1023,1128,1050,43
102131,20250226,1,104,219,1003,766,707,125
102132,20250105,2,104,215,1007,731,587,95
102133,20250117,2,102,207,1015,1114,917,87
102134,20250109,2,102,210,1021,1001,837,55
102135,20250131,3,102,206,1024,1190,950,76
102136,20250324,1,101,214,1028,1282,1208,60
102137,20250216,2,105,217,1016,670,564,29
102138,20250216,1,102,209,1016,1059,957,58
102139,20250219,3,105,219,1008,670,521,32
102140,20250314,3,101,205,1007,1246,955,44
102141,20250105,2,105,207,1006,633,543,13
102142,20250319,2,103,219,1002,883,742,72
102143,20250120,1,105,207,1022,699,632,13
102144,20250328,2,102,202,1013,1037,888,66
102145,20250227,3,101,216,1012,1120,794,47
102146,20250217,2,102,213,1015,1033,865,68
102147,20250217,1,103,208,1027,819,741,93
102148,20250226,2,102,206,1009,1103,934,73
102149,20250110,3,102,206,1002,1199,886,56
102150,20250315,1,102,209,1017,1149,1051,67
102151,20250118,1,104,204,1027,812,753,142
102152,20250309,2,103,211,1029,987,866,112
102153,20250216,3,102,205,1005,1041,743,48
102154,20250220,1,102,217,1011,1124,1045,48
102155,20250210,1,102,207,1022,1180,1080,73
102156,20250325,1,101,215,1019,1130,1049,49
102157,20250205,1,104,215,1024,821,724,100
102158,20250201,2,101,214,1007,1243,1031,27
102159,20250115,2,104,213,1002,854,741,94
102160,20250104,2,102,211,1016,1030,854,58
102161,20250124,2,103,213,1012,810,681,67
102162,20250305,1,105,209,1023,595,536,21
102163,20250308,3,105,210,1015,577,420,10
102164,20250219,2,102,204,1001,1036,840,77
102165,20250313,3,101,217,1025,1207,850,39
102166,20250116,2,103,214,1013,872,712,112
102167,20250203,1,104,218,1023,889,812,95
102168,20250203,2,102,211,1006,1140,943,42
102169,20250227,1,103,216,1013,906,827,79
102170,20250128,2,103,201,1018,944,789,81
102171,20250320,1,104,207,1003,900,815,157
102172,20250206,1,103,210,1001,833,777,92
102173,20250330,3,101,209,1015,1262,941,48
102174,20250304,1,101,203,1026,1270,1157,40
102175,20250126,3,101,214,1013,1122,875,59
102176,20250116,1,103,215,1005,904,820,117
102177,20250118,2,101,202,1025,1201,993,22
102178,20250110,2,104,214,1013,871,758,115
102179,20250227,2,103,216,1022,965,778,70
102180,20250123,1,105,207,1005,681,600,30
102181,20250226,1,103,204,1028,997,926,95
102182,20250112,1,104,218,1019,865,768,151
102183,20250329,1,105,205,1021,521,465,29
102184,20250210,2,103,206,1024,938,793,63
102185,20250327,3,101,207,1028,1245,936,50
102186,20250214,3,102,215,1018,1128,890,47
102187,20250109,3,102,201,1021,1168,926,51
102188,20250312,3,101,204,1022,1104,803,33
102189,20250311,2,102,201,1010,1062,920,77
102190,20250207,1,102,211,1024,1113,986,74
102191,20250208,3,101,218,1008,1255,918,57
102192,20250121,2,101,214,1015,1111,932,21
102193,20250331,2,103,211,1021,887,740,86
102194,20250323,1,103,210,1025,806,757,80
102195,20250123,2,101,217,1020,1197,982,27
102196,20250216,2,104,204,1028,725,611,116
102197,20250307,3,102,215,1025,1036,744,89
102198,20250129,2,103,216,1027,822,667,120
102199,20250116,1,102,213,1023,1104,1023,43
102200,20250126,3,105,209,1022,657,523,15
102201,20250118,1,101,211,1004,1106,1028,39
102202,20250131,2,104,211,1002,799,645,98
102203,20250305,1,105,206,1024,605,570,18
102204,20250104,2,105,201,1006,596,521,38
102205,20250216,3,105,206,1028,530,373,17
102206,20250312,1,101,213,1003,1292,1190,35
102207,20250315,3,103,205,1007,926,695,92
102208,20250217,1,101,215,1010,1198,1133,37
102209,20250301,3,103,218,1023,815,596,95
102210,20250312,3,105,214,1006,604,426,10
102211,20250117,3,105,215,1016,604,461,39
102212,20250320,1,104,205,1002,704,632,155
102213,20250112,3,103,204,1024,972,690,108
102214,20250109,2,105,202,1017,642,547,14
102215,20250209,1,102,207,1013,1077,990,68
102216,20250220,3,104,210,1001,721,565,144
102217,20250303,1,101,216,1006,1152,1076,29
102218,20250309,3,104,210,1005,795,599,101
102219,20250222,1,102,218,1025,1200,1076,67
102220,20250222,2,103,217,1013,942,787,60
102221,20250315,2,101,213,1028,1218,1068,59
102222,20250110,1,101,201,1023,1174,1086,30
102223,20250117,1,103,201,1018,800,707,118
102224,20250210,1,104,215,1029,823,739,112
102225,20250324,2,105,201,1012,674,559,21
102226,20250110,1,104,206,1007,861,770,145
102227,20250227,2,102,213,1015,1072,861,87
102228,20250301,1,105,201,1003,636,584,19
102229,20250329,1,104,205,1016,722,655,95
102230,20250308,2,103,209,1001,835,716,77
102231,20250214,1,102,217,1027,1110,993,72
102232,20250117,3,102,216,1016,1081,852,61
102233,20250312,3,102,208,1024,1162,843,88
102234,20250323,2,105,217,1030,681,569,17
102235,20250317,2,101,215,1012,1269,1114,41
102236,20250124,3,105,201,1019,553,412,29
102237,20250117,1,104,212,1027,784,690,97
102238,20250225,1,101,205,1008,1265,1194,58
102239,20250306,1,104,206,1023,821,722,81
102240,20250108,3,101,201,1012,1272,912,55
102241,20250116,1,105,201,1015,678,630,34
102242,20250308,2,102,210,1002,1100,927,90
102243,20250120,3,103,210,1029,966,739,94
102244,20250208,3,102,203,1030,1007,794,82
102245,20250122,2,105,217,1030,613,523,21
102246,20250121,1,101,219,1017,1196,1121,42
102247,20250211,3,102,211,1007,1099,788,89
102248,20250129,2,105,218,1013,678,595,13
102249,20250214,1,104,202,1001,818,741,104
102250,20250308,1,103,209,1006,913,804,107
102251,20250206,3,102,217,1013,1005,779,83
102252,20250111,2,101,214,1011,1281,1061,25
102253,20250202,3,104,204,1010,857,653,108
102254,20250126,3,105,217,1016,559,446,40
102255,20250323,2,103,217,1027,892,716,91
102256,20250312,2,101,212,1026,1280,1096,33
102257,20250205,2,105,218,1024,501,408,36
102258,20250117,1,105,203,1023,663,601,37
102259,20250322,2,102,211,1020,1071,905,71
102260,20250208,3,102,218,1017,1043,787,82
102261,20250320,2,101,204,1017,1289,1089,58
102262,20250310,3,105,217,1004,644,462,28
102263,20250112,2,102,218,1005,1032,887,48
102264,20250306,2,103,205,1028,866,757,114
102265,20250324,2,103,214,1023,858,746,106
102266,20250122,2,105,210,1014,700,575,37
102267,20250317,2,102,215,1020,1173,940,84
102268,20250316,1,101,201,1010,1273,1167,36
102269,20250120,2,101,216,1014,1274,1076,49
102270,20250122,1,101,211,1028,1100,1040,23
102271,20250326,1,103,206,1001,882,802,86
102272,20250321,2,102,216,1011,1070,866,73
102273,20250319,2,102,202,1026,1119,939,73
102274,20250213,3,103,201,1023,994,700,106
102275,20250314,2,101,209,1018,1157,929,46
102276,20250106,2,101,212,1016,1236,1033,20
102277,20250104,2,105,217,1029,600,489,12
102278,20250111,2,104,215,1027,846,731,108
102279,20250106,1,102,219,1018,1176,1069,44
102280,20250324,1,102,210,1008,1063,950,61
102281,20250315,1,102,212,1028,1079,954,80
102282,20250203,2,104,214,1010,724,580,135
102283,20250325,1,105,209,1026,506,466,30
102284,20250127,1,104,213,1010,785,736,111
102285,20250315,1,101,203,1005,1127,1029,41
102286,20250223,3,101,214,1010,1113,870,53
102287,20250321,1,102,210,1018,1060,1002,89
102288,20250323,2,103,216,1021,953,809,108
102289,20250104,1,102,207,1024,1024,945,77
102290,20250305,2,103,204,1006,831,670,63
102291,20250322,1,104,211,1003,708,641,88
102292,20250311,1,101,216,1008,1300,1155,48
102293,20250207,2,103,204,1030,814,670,100
102294,20250324,1,104,217,1009,810,716,87
102295,20250208,1,101,213,1005,1243,1098,44
102296,20250303,1,103,211,1029,902,799,108
102297,20250201,1,102,203,1002,1105,990,78
102298,20250329,1,102,209,1002,1168,1078,69
102299,20250221,1,102,206,1007,1098,1001,67
102300,20250208,3,104,211,1017,858,653,123
102301,20250228,2,102,216,1010,1166,1020,90
102302,20250110,2,105,219,1012,506,423,20
102303,20250330,1,101,205,1002,1250,1116,26
102304,20250108,3,104,214,1010,703,533,88
102305,20250121,1,102,217,1020,1151,1076,52
102306,20250226,1,101,203,1001,1246,1107,52
102307,20250223,2,103,204,1004,865,716,90
102308,20250303,1,102,216,1013,1185,1094,51
102309,20250301,1,101,216,1012,1162,1033,22
102310,20250127,2,105,204,1011,515,417,28
102311,20250213,3,103,219,1029,911,684,101
102312,20250319,2,105,217,1010,693,574,28
102313,20250119,2,101,213,1015,1238,1067,29
102314,20250210,3,105,201,1005,620,453,20
102315,20250210,1,101,212,1025,1174,1063,20
102316,20250214,1,101,204,1017,1232,1134,29
102317,20250221,1,105,211,1028,514,460,36
102318,20250117,2,101,205,1005,1243,1079,47
102319,20250217,2,102,202,1002,1088,887,52
102320,20250307,3,101,217,1009,1263,998,24
102321,20250313,2,104,208,1006,787,641,140
102322,20250114,2,101,206,1018,1277,1092,49
102323,20250210,1,104,209,1014,853,791,154
102324,20250131,3,101,213,1019,1244,990,59
102325,20250301,3,101,211,1014,1176,872,30
102326,20250116,3,105,216,1008,526,392,35
102327,20250204,1,102,216,1017,1010,923,40
102328,20250227,2,102,202,1028,1163,951,54
102329,20250201,1,103,210,1003,919,848,75
102330,20250119,1,105,212,1029,623,580,40
102331,20250113,1,105,208,1010,584,546,22
102332,20250107,2,102,211,1017,1052,875,40
102333,20250207,2,105,210,1027,592,474,21
102334,20250219,1,102,213,1011,1007,925,49
102335,20250320,1,105,217,1008,574,522,30
102336,20250223,2,101,207,1001,1249,1090,43
102337,20250201,1,102,203,1013,1011,958,52
102338,20250121,1,102,213,1021,1050,944,54
102339,20250211,2,104,219,1004,767,657,123
102340,20250315,3,105,207,1007,641,464,16
102341,20250210,1,105,209,1014,505,450,18
102342,20250125,1,102,219,1005,1025,903,83
102343,20250121,1,101,213,1024,1135,1028,27
102344,20250305,3,101,208,1028,1186,941,39
102345,20250307,2,101,218,1030,1216,996,43
102346,20250301,2,105,202,1011,669,544,26
102347,20250305,1,104,218,1017,859,808,88
102348,20250209,2,102,218,1005,1030,835,48
102349,20250305,1,103,211,1020,848,757,84
102350,20250103,2,104,201,1003,877,727,156
102351,20250112,3,103,214,1005,909,725,75
102352,20250220,2,104,216,1026,711,612,155
102353,20250306,3,101,211,1015,1148,901,38
102354,20250228,2,105,201,1019,538,444,11
102355,20250131,1,103,207,1016,961,899,115
102356,20250128,3,104,216,1008,732,574,154
102357,20250316,1,105,214,1013,625,559,12
102358,20250215,2,103,215,1016,1000,837,102
102359,20250107,1,102,214,1003,1157,1023,72
102360,20250107,1,104,211,1001,799,745,145
102361,20250206,2,102,216,1009,1095,919,69
102362,20250305,1,101,219,1009,1145,1033,43
102363,20250318,2,102,217,1022,1134,970,85
102364,20250325,2,102,206,1026,1126,943,77
102365,20250328,1,104,211,1017,802,741,154
102366,20250302,1,101,217,1024,1266,1117,34
102367,20250206,2,102,209,1002,1051,878,55
102368,20250310,1,105,218,1009,601,538,23
102369,20250102,2,103,217,1030,896,757,119
102370,20250114,2,102,212,1024,1095,898,45
102371,20250225,3,101,205,1019,1134,879,38
102372,20250118,2,102,211,1013,1113,936,54
102373,20250203,2,103,204,1005,949,762,92
102374,20250216,2,101,204,1009,1259,1041,48
102375,20250221,1,104,203,1013,819,745,127
102376,20250216,1,101,217,1001,1227,1106,44
102377,20250106,3,104,207,1025,706,506,109
102378,20250221,2,101,204,1015,1167,993,42
102379,20250107,3,103,213,1004,821,598,92
102380,20250314,3,103,212,1004,931,702,65
102381,20250313,3,101,201,1020,1170,927,26
102382,20250125,3,102,219,1010,1030,728,42
102383,20250216,2,103,218,1028,939,766,72
102384,20250312,1,104,211,1025,872,787,118
102385,20250206,2,104,203,1030,890,770,115
102386,20250110,1,105,217,1006,548,509,14
102387,20250219,2,104,212,1027,892,764,149
102388,20250306,2,105,210,1024,566,453,19
102389,20250227,2,101,208,1012,1172,1014,45
102390,20250312,1,101,215,1030,1203,1127,20
102391,20250205,1,101,205,1020,1220,1129,29
102392,20250321,2,102,204,1016,1101,900,86
102393,20250329,1,102,219,1003,1191,1065,54
102394,20250320,3,105,204,1014,632,479,27
102395,20250116,1,104,215,1001,893,815,139
102396,20250117,1,104,217,1010,787,736,120
102397,20250113,1,101,212,1015,1148,1044,46
102398,20250220,2,103,203,1007,853,712,114
102399,20250217,2,102,210,1004,1142,916,48
102400,20250213,1,102,215,1014,1147,1079,59
102401,20250313,1,101,210,1024,1288,1134,42
102402,20250216,2,102,218,1016,1086,888,67
102403,20250119,1,101,201,1014,1275,1189,54
102404,20250126,2,105,203,1003,576,475,10
102405,20250319,2,104,212,1017,845,729,97
102406,20250307,1,103,201,1021,839,795,81
102407,20250221,1,104,203,1014,845,780,157
102408,20250306,3,104,203,1018,855,647,130
102409,20250106,2,105,205,1003,597,487,22
102410,20250106,2,102,219,1030,1016,856,52
102411,20250105,1,103,201,1022,921,817,96
102412,20250118,2,102,204,1019,1115,948,59
102413,20250212,1,104,204,1003,723,644,150
102414,20250302,2,101,217,1012,1145,918,58
102415,20250308,3,104,214,1022,825,579,105
102416,20250228,1,102,218,1005,1017,959,64
102417,20250120,1,104,201,1010,772,690,117
102418,20250319,1,101,216,1009,1268,1162,49
102419,20250307,1,105,203,1001,514,465,10
102420,20250118,1,102,209,1013,1043,941,66
102421,20250211,1,104,204,1003,800,712,94
102422,20250320,3,102,205,1019,1033,778,70
102423,20250210,2,105,211,1011,690,555,40
102424,20250121,1,104,209,1016,752,668,106
102425,20250220,3,104,203,1006,779,578,140
102426,20250320,1,102,206,1024,1040,959,59
102427,20250208,3,102,211,1003,1150,828,85
102428,20250317,1,101,209,1019,1275,1162,32
102429,20250213,3,105,215,1006,501,400,24
102430,20250306,2,101,203,1008,1116,966,58
102431,20250307,3,104,201,1022,763,574,152
102432,20250310,3,102,219,1013,1125,839,76
102433,20250304,1,104,214,1012,710,661,116
102434,20250314,3,104,217,1030,865,681,138
102435,20250208,1,103,214,1010,888,824,105
102436,20250302,1,103,217,1003,876,794,112
102437,20250103,1,104,214,1004,744,676,102
102438,20250217,2,102,212,1001,1158,994,69
102439,20250212,1,104,216,1013,798,753,103
102440,20250328,2,103,201,1024,978,826,85
102441,20250115,2,102,213,1004,1178,1031,55
102442,20250223,3,104,206,1022,740,538,160
102443,20250316,3,105,217,1011,637,464,39
102444,20250209,2,105,212,1019,517,442,33
102445,20250330,1,104,219,1011,755,712,132
102446,20250322,1,102,206,1012,1195,1097,63
102447,20250104,1,104,207,1011,719,670,144
102448,20250318,1,104,201,1006,896,837,132
102449,20250302,1,103,201,1012,915,815,73
102450,20250203,1,105,205,1027,629,555,10
102451,20250325,3,103,206,1009,818,624,103
102452,20250316,2,103,216,1025,991,829,81
102453,20250315,1,104,216,1010,890,808,104
102454,20250130,2,103,214,1003,901,723,76
102455,20250107,1,105,201,1003,529,491,14
102456,20250316,2,103,213,1020,883,753,89
102457,20250303,2,105,210,1028,624,522,12
102458,20250122,2,103,210,1023,940,801,105
102459,20250309,2,105,209,1016,612,496,36
102460,20250322,3,103,213,1003,871,683,70
102461,20250321,3,103,203,1010,804,611,71
102462,20250218,2,102,218,1024,1075,870,87
102463,20250119,2,105,202,1011,600,488,31
102464,20250329,2,105,217,1008,695,556,18
102465,20250201,1,105,219,1006,539,490,15
102466,20250105,1,101,213,1020,1155,1074,54
102467,20250315,1,103,213,1011,855,778,63
102468,20250331,2,105,201,1028,662,572,30
102469,20250115,2,101,202,1027,1269,1087,26
102470,20250125,1,102,201,1021,1099,1020,68
102471,20250103,3,105,205,1012,513,389,11
102472,20250226,3,105,203,1016,697,514,16
102473,20250210,2,101,207,1018,1163,965,35
102474,20250223,2,103,213,1013,851,687,86
102475,20250120,3,102,218,1022,1007,804,61
102476,20250222,1,105,207,1003,549,509,12
102477,20250330,3,103,201,1015,856,681,66
102478,20250127,1,102,205,1022,1170,1043,50
102479,20250222,3,104,217,1028,711,527,93
102480,20250306,1,104,208,1021,783,706,160
102481,20250320,3,102,215,1014,1048,799,74
102482,20250302,3,101,204,1018,1201,953,27
102483,20250108,1,102,202,1028,1059,947,62
102484,20250118,2,102,205,1029,1082,880,65
102485,20250308,3,101,201,1014,1267,926,44
102486,20250127,2,101,205,1005,1154,965,24
102487,20250313,3,103,206,1021,968,756,101
102488,20250211,2,103,202,1014,959,795,64
102489,20250326,1,101,201,1025,1155,1049,58
102490,20250303,1,104,204,1027,827,784,93
102491,20250309,1,104,207,1008,882,809,152
102492,20250218,3,102,201,1028,1043,756,46
102493,20250210,1,105,201,1028,653,589,30
102494,20250123,2,102,208,1023,1178,979,89
102495,20250228,2,102,216,1015,1177,954,51
102496,20250310,2,105,213,1028,662,569,32
102497,20250213,3,101,218,1029,1181,942,50
102498,20250311,3,104,210,1015,717,525,157
102499,20250215,2,102,212,1030,1149,960,72
102500,20250328,3,105,201,1019,663,513,26
102501,20250329,3,103,210,1026,950,731,60
102502,20250324,2,102,209,1020,1059,848,88
102503,20250330,3,104,203,1006,731,534,134
102504,20250203,1,101,219,1019,1293,1159,25
102505,20250320,1,102,209,1027,1015,902,71
102506,20250303,3,102,210,1025,1075,774,64
102507,20250125,2,105,219,1008,552,469,17
102508,20250201,3,103,216,1006,985,748,120
102509,20250205,3,103,218,1020,913,706,81
102510,20250313,1,101,214,1023,1134,1019,22
102511,20250208,3,104,203,1029,833,649,133
102512,20250129,2,101,202,1015,1265,1094,21
102513,20250208,2,102,201,1027,1058,918,61
102514,20250206,2,102,218,1003,1087,890,74
102515,20250127,3,103,209,1010,813,642,102
102516,20250330,1,104,213,1015,763,714,108
102517,20250304,2,105,202,1024,655,569,26
102518,20250210,2,104,207,1016,782,637,160
102519,20250303,2,102,216,1017,1001,805,71
102520,20250214,2,105,219,1019,517,453,11
102521,20250313,1,104,215,1011,862,818,106
102522,20250205,1,104,211,1016,732,648,155
102523,20250206,1,105,201,1005,640,600,39
102524,20250116,3,102,207,1005,1052,761,45
102525,20250315,1,104,208,1026,809,752,119
102526,20250328,1,105,210,1014,542,504,17
102527,20250311,3,102,205,1018,1108,795,55
102528,20250218,1,105,209,1026,577,519,24
102529,20250220,3,105,201,1008,662,476,37
102530,20250214,2,104,202,1005,900,754,126
102531,20250119,3,102,219,1007,1101,812,70
102532,20250207,1,104,214,1016,812,738,158
102533,20250106,1,101,210,1023,1288,1172,29
102534,20250206,2,101,209,1014,1223,980,44
102535,20250111,3,102,210,1005,1109,871,88
102536,20250214,2,105,206,1024,576,488,14
102537,20250226,1,104,217,1009,841,782,112
102538,20250325,3,104,206,1004,797,594,138
102539,20250202,3,102,204,1004,1072,790,78
102540,20250303,2,102,203,1016,1123,904,48
102541,20250128,3,101,219,1024,1283,958,29
102542,20250126,3,103,218,1017,848,593,115
102543,20250310,2,102,204,1015,1128,968,63
102544,20250204,1,103,208,1004,925,840,86
102545,20250313,2,102,217,1006,1101,966,63
102546,20250331,1,105,205,1016,598,546,30
102547,20250204,2,105,213,1029,650,523,38
102548,20250118,2,101,201,1004,1109,975,27
102549,20250114,1,101,213,1006,1198,1132,30
102550,20250320,1,103,204,1005,849,792,76
102551,20250317,1,102,214,1016,1197,1129,86
102552,20250131,3,104,203,1030,789,592,142
102553,20250201,3,101,205,1025,1262,970,23
102554,20250107,1,104,207,1016,866,785,134
102555,20250327,3,104,201,1010,888,643,141
102556,20250309,2,102,212,1009,1008,880,63
102557,20250129,1,103,211,1004,961,893,61
102558,20250323,1,102,208,1029,1178,1091,49
102559,20250130,2,101,206,1014,1166,989,29
102560,20250107,3,104,202,1004,765,554,154
102561,20250113,2,102,219,1012,1169,1013,40
102562,20250222,1,102,214,1024,1029,961,81
102563,20250212,1,102,201,1010,1182,1116,65
102564,20250302,2,101,210,1004,1280,1084,25
102565,20250113,1,103,216,1018,932,879,116
102566,20250329,1,102,204,1013,1108,987,67
102567,20250118,1,101,211,1013,1164,1080,52
102568,20250101,3,104,216,1014,836,640,128
102569,20250312,3,105,201,1018,650,475,23
102570,20250121,2,101,216,1001,1292,1124,25
102571,20250222,3,105,219,1021,527,402,34
102572,20250325,1,102,209,1016,1088,1019,57
102573,20250302,2,102,209,1015,1191,972,87
102574,20250303,1,101,209,1022,1201,1115,20
102575,20250325,2,105,217,1025,543,469,10
102576,20250126,3,102,212,1005,1024,723,84
102577,20250206,2,104,213,1029,806,678,116
102578,20250211,1,103,208,1006,987,898,71
102579,20250206,2,103,216,1006,895,729,68
102580,20250324,1,102,218,1003,1050,959,72
102581,20250108,3,105,201,1016,528,393,36
102582,20250112,2,102,201,1012,1054,858,43
102583,20250325,2,105,212,1004,691,562,34
102584,20250315,2,104,206,1001,749,614,132
102585,20250130,2,105,209,1004,612,520,29
102586,20250310,1,102,205,1001,1027,966,50
102587,20250105,2,104,216,1021,720,592,128
102588,20250123,1,101,218,1027,1131,1017,41
102589,20250223,2,103,217,1027,807,683,90
102590,20250123,3,102,218,1008,1124,862,46
102591,20250105,3,102,201,1024,1002,707,88
102592,20250220,2,102,219,1005,1001,854,90
102593,20250305,2,104,208,1030,710,573,146
102594,20250124,1,101,203,1026,1101,997,53
102595,20250207,3,105,205,1002,694,504,25
102596,20250105,1,101,208,1012,1221,1139,58
102597,20250102,2,104,219,1022,809,668,123
102598,20250208,1,102,218,1017,1080,1012,63
102599,20250314,1,103,218,1007,970,880,99
102600,20250319,2,102,201,1011,1014,890,61
102601,20250114,1,105,215,1004,525,462,37
102602,20250212,2,103,218,1005,978,813,113
102603,20250206,1,102,207,1006,1035,912,47
102604,20250228,1,103,216,1011,935,841,104
102605,20250324,2,101,216,1001,1292,1117,43
102606,20250311,1,104,215,1025,815,752,140
102607,20250309,1,102,206,1010,1131,1027,52
102608,20250305,2,105,209,1020,500,439,40
102609,20250118,1,101,207,1024,1182,1041,43
102610,20250306,3,102,214,1021,1011,805,87
102611,20250301,1,101,211,1011,1183,1097,34
102612,20250204,1,105,216,1024,655,598,33
102613,20250125,2,102,206,1017,1156,998,62
102614,20250115,1,105,216,1008,609,575,40
102615,20250212,1,103,216,1027,921,874,114
102616,20250121,1,105,212,1013,679,640,33
102617,20250228,1,103,217,1027,898,808,72
102618,20250324,3,102,205,1020,1182,844,73
102619,20250202,1,103,213,1018,946,884,105
102620,20250124,3,102,208,1027,1129,793,71
102621,20250102,3,102,205,1022,1022,746,83
102622,20250213,2,104,212,1016,840,738,139
102623,20250207,3,102,209,1002,1043,823,47
102624,20250314,1,103,203,1005,923,855,75
102625,20250328,3,104,203,1018,762,549,91
102626,20250125,1,104,201,1003,727,661,83
102627,20250123,2,102,218,1027,1041,910,60
102628,20250320,2,105,212,1022,598,515,17
102629,20250323,1,105,209,1017,684,614,25
102630,20250221,2,104,209,1016,871,705,97
102631,20250224,2,102,218,1006,1136,966,71
102632,20250307,1,105,218,1019,523,489,20
102633,20250211,1,102,207,1007,1057,999,89
102634,20250112,2,102,204,1018,1153,928,61
102635,20250221,2,104,213,1014,796,694,128
102636,20250327,3,104,217,1006,867,662,151
102637,20250113,3,101,202,1008,1211,945,34
102638,20250124,3,105,214,1015,566,402,12
102639,20250118,2,105,203,1015,528,426,33
102640,20250303,1,105,205,1015,651,615,33
102641,20250211,1,103,214,1016,829,762,68
102642,20250201,3,102,203,1001,1080,859,76
102643,20250101,2,104,207,1011,888,710,87
102644,20250203,1,105,218,1027,651,597,37
102645,20250219,1,101,213,1029,1199,1137,40
102646,20250131,3,105,210,1025,697,513,31
102647,20250227,2,102,213,1005,1032,868,78
102648,20250204,2,102,216,1005,1151,941,65
102649,20250212,2,104,209,1029,702,591,138
102650,20250208,1,103,202,1028,880,783,120
102651,20250316,1,104,205,1021,775,727,143
102652,20250315,1,105,217,1006,674,614,29
102653,20250102,1,101,204,1002,1172,1043,22
102654,20250203,3,104,217,1006,853,624,144
102655,20250325,2,103,209,1014,976,790,114
102656,20250216,3,104,202,1011,880,666,160
102657,20250330,3,102,218,1004,1055,790,85
102658,20250131,1,105,211,1024,596,526,35
102659,20250108,2,105,213,1029,585,475,32
102660,20250327,2,105,208,1027,553,479,39
102661,20250116,3,105,201,1025,557,428,11
102662,20250301,1,105,217,1009,698,622,25
102663,20250209,2,105,212,1024,686,570,36
102664,20250121,2,101,204,1003,1268,1106,30
102665,20250221,1,103,213,1026,805,739,81
102666,20250329,1,105,209,1016,608,563,21
102667,20250306,2,103,207,1011,993,825,64
102668,20250209,2,105,205,1027,635,544,19
102669,20250330,1,104,205,1004,878,829,150
102670,20250116,2,105,217,1001,600,484,20
102671,20250323,1,102,209,1025,1192,1114,43
102672,20250207,2,101,206,1021,1281,1055,30
102673,20250217,1,104,219,1022,847,753,141
102674,20250320,3,104,216,1016,774,611,106
102675,20250129,1,102,202,1019,1055,987,52
102676,20250129,1,105,210,1016,688,636,21
102677,20250118,1,101,216,1011,1285,1207,26
102678,20250303,1,104,205,1026,873,816,98
102679,20250120,2,101,215,1008,1196,1047,47
102680,20250228,1,104,213,1023,873,819,87
102681,20250319,3,105,213,1001,524,385,25
102682,20250217,1,104,213,1026,745,704,95
102683,20250223,1,104,215,1028,831,769,155
102684,20250331,1,103,214,1021,911,863,100
102685,20250312,1,105,208,1026,684,621,11
102686,20250302,1,102,211,1009,1030,923,71
102687,20250310,2,102,218,1028,1077,920,51
102688,20250327,2,105,204,1027,667,573,34
102689,20250128,2,102,210,1012,1177,1034,82
102690,20250201,2,105,201,1022,668,539,24
102691,20250329,2,102,205,1008,1166,968,80
102692,20250318,1,103,213,1026,967,881,60
102693,20250111,2,102,201,1017,1030,833,47
102694,20250309,3,104,208,1010,825,630,145
102695,20250227,2,105,203,1027,557,446,28
102696,20250309,2,101,203,1007,1246,1044,26
102697,20250216,1,101,207,1019,1251,1116,50
102698,20250110,3,105,204,1025,665,512,19
102699,20250314,3,103,203,1006,946,674,80
102700,20250115,2,102,215,1021,1016,870,90
102701,20250108,3,103,208,1024,937,673,112
102702,20250312,1,101,203,1024,1279,1127,55
102703,20250306,1,105,207,1028,637,595,26
102704,20250126,3,105,218,1028,625,441,36
102705,20250315,3,103,211,1019,949,715,112
102706,20250310,1,103,211,1018,966,858,108
102707,20250120,1,102,217,1015,1053,997,47
102708,20250122,1,104,206,1002,746,701,103
102709,20250211,1,104,208,1014,701,644,120
102710,20250308,3,102,201,1021,1031,725,76
102711,20250226,2,104,210,1010,752,640,91
102712,20250115,1,101,219,1028,1243,1116,22
102713,20250329,1,104,203,1016,721,683,144
102714,20250127,1,102,204,1007,1076,974,74
102715,20250316,1,104,211,1008,743,675,80
102716,20250304,2,105,215,1010,563,463,40
102717,20250112,3,103,201,1015,932,736,78
102718,20250307,3,101,209,1008,1268,955,28
102719,20250227,1,105,211,1013,647,591,20
102720,20250108,3,105,219,1012,633,500,21
102721,20250228,3,102,213,1008,1155,870,53
102722,20250117,3,103,216,1015,976,692,112
102723,20250307,2,103,204,1026,811,664,72
102724,20250223,1,101,201,1012,1136,1023,33
102725,20250228,1,102,213,1011,1034,953,53
102726,20250314,1,101,201,1019,1251,1132,28
102727,20250108,1,104,205,1014,886,818,89
102728,20250313,1,105,205,1027,640,574,22
102729,20250301,2,101,214,1018,1266,1104,45
102730,20250328,2,105,214,1013,616,496,18
102731,20250209,2,102,208,1004,1173,978,84
102732,20250103,1,104,204,1017,736,675,89
102733,20250220,3,102,207,1019,1161,897,80
102734,20250202,3,104,219,1027,878,671,127
102735,20250101,3,104,215,1009,844,646,145
102736,20250128,3,105,204,1023,654,468,36
102737,20250316,2,102,219,1007,1039,857,90
102738,20250110,3,102,209,1001,1111,819,78
102739,20250106,1,101,213,1007,1163,1029,27
102740,20250224,1,102,214,1026,1136,1008,75
102741,20250214,1,101,214,1007,1204,1065,60
102742,20250331,1,103,210,1020,822,744,81
102743,20250109,1,103,216,1007,999,898,115
102744,20250311,2,103,205,1008,857,704,66
102745,20250108,3,102,206,1016,1096,874,54
102746,20250109,2,102,202,1003,1096,960,90
102747,20250302,1,101,213,1013,1131,1009,39
102748,20250105,3,104,213,1010,850,664,142
102749,20250206,2,101,219,1018,1124,946,56
102750,20250222,1,103,218,1007,872,801,98
102751,20250124,2,101,219,1021,1125,980,30
102752,20250118,1,104,201,1021,781,739,129
102753,20250324,1,102,208,1030,1046,945,87
102754,20250324,3,101,216,1005,1273,1014,54
102755,20250223,1,103,202,1023,941,867,114
102756,20250217,2,103,208,1025,903,756,68
102757,20250218,3,102,206,1027,1066,747,72
102758,20250227,2,101,216,1024,1282,1041,28
102759,20250218,1,104,211,1022,736,667,114
102760,20250218,1,102,217,1007,1013,956,80
102761,20250111,1,101,219,1025,1194,1109,35
102762,20250329,2,105,211,1030,673,571,32
102763,20250326,2,103,208,1027,917,747,82
102764,20250311,1,104,204,1022,819,749,115
102765,20250118,3,104,211,1017,809,608,109
102766,20250325,2,104,208,1004,778,661,91
102767,20250214,1,103,209,1024,878,797,80
102768,20250116,2,101,202,1023,1123,955,24
102769,20250123,2,102,216,1016,1186,971,45
102770,20250310,1,101,206,1019,1142,1050,25
102771,20250220,1,102,219,1010,1190,1071,71
102772,20250309,3,104,208,1003,702,558,134
102773,20250117,2,101,214,1027,1273,1070,28
102774,20250129,2,104,216,1003,822,690,148
102775,20250101,2,105,212,1028,678,549,10
102776,20250103,1,104,205,1017,857,765,80
102777,20250208,1,104,219,1010,882,802,148
102778,20250301,2,102,218,1017,1191,985,87
102779,20250328,1,105,209,1022,669,633,36
102780,20250311,1,104,202,1030,835,774,85
102781,20250224,3,104,212,1030,855,636,101
102782,20250310,3,105,202,1017,672,532,34
102783,20250218,3,105,210,1021,634,501,15
102784,20250130,3,101,201,1004,1119,824,28
102785,20250201,1,102,204,1021,1131,1023,43
102786,20250228,3,105,212,1023,608,455,15
102787,20250214,1,105,209,1006,595,563,20
102788,20250120,3,103,204,1012,973,705,94
102789,20250205,3,105,209,1025,696,546,19
102790,20250125,2,102,206,1022,1076,902,56
102791,20250115,3,104,201,1025,754,527,160
102792,20250105,2,104,210,1020,845,702,119
102793,20250326,1,104,214,1017,864,791,84
102794,20250223,2,104,218,1017,818,712,142
102795,20250320,2,103,206,1010,814,674,99
102796,20250103,1,105,218,1007,617,557,21
102797,20250131,2,104,216,1029,727,581,103
102798,20250127,3,101,215,1016,1202,884,26
102799,20250109,1,104,216,1029,810,740,90
102800,20250113,3,105,208,1013,635,477,14
102801,20250318,3,104,213,1003,805,573,142
102802,20250105,3,103,211,1002,801,573,102
102803,20250227,3,102,207,1016,1064,768,65
102804,20250318,2,102,217,1030,1095,902,67
102805,20250328,3,105,218,1006,546,411,18
102806,20250107,3,102,219,1006,1027,820,82
102807,20250201,1,102,213,1013,1112,991,62
102808,20250106,2,101,215,1007,1291,1077,42
102809,20250221,2,105,201,1005,681,555,16
102810,20250226,1,105,216,1024,572,504,22
102811,20250130,2,102,205,1007,1107,951,42
102812,20250311,2,102,203,1002,1041,888,70
102813,20250128,1,102,210,1017,1170,1110,47
102814,20250108,2,103,219,1013,907,761,91
102815,20250118,3,104,205,1030,874,674,121
102816,20250306,2,103,207,1025,992,854,116
102817,20250207,1,105,214,1021,602,550,39
102818,20250130,1,101,203,1028,1289,1210,44
102819,20250315,1,104,213,1027,733,650,93
102820,20250210,3,101,213,1021,1105,787,42
102821,20250315,1,105,210,1028,628,553,31
102822,20250318,2,105,202,1016,560,450,36
102823,20250328,1,101,206,1026,1187,1080,58
102824,20250211,1,101,208,1020,1288,1134,50
102825,20250131,3,101,204,1002,1174,854,25
102826,20250208,2,105,212,1005,694,579,29
102827,20250119,1,102,215,1018,1039,967,51
102828,20250326,2,101,208,1028,1163,956,27
102829,20250308,1,104,207,1007,767,728,111
102830,20250129,2,105,214,1011,670,579,16
102831,20250222,2,103,219,1025,921,788,111
102832,20250208,1,103,214,1025,826,767,92
102833,20250205,1,104,213,1011,856,764,155
102834,20250108,1,102,201,1022,1161,1073,54
102835,20250313,3,101,219,1017,1130,805,22
102836,20250317,3,105,201,1016,570,455,39
102837,20250123,1,101,204,1013,1137,1034,59
102838,20250322,3,105,210,1022,551,390,11
102839,20250328,1,103,203,1005,897,814,79
102840,20250224,1,101,209,1020,1279,1182,34
102841,20250313,3,104,203,1016,756,554,141
102842,20250305,3,102,206,1028,1015,762,81
102843,20250107,3,104,206,1022,713,520,114
102844,20250214,2,102,212,1022,1093,898,62
102845,20250324,1,101,201,1016,1282,1165,40
102846,20250327,3,101,216,1016,1112,798,20
102847,20250218,1,102,205,1014,1013,938,60
102848,20250309,2,103,209,1006,854,702,77
102849,20250210,1,105,210,1002,655,581,15
102850,20250331,2,104,213,1014,764,669,126
102851,20250223,1,104,215,1016,785,707,92
102852,20250222,1,104,212,1023,871,767,150
102853,20250120,3,101,205,1030,1297,1019,41
102854,20250208,1,104,205,1020,792,738,126
102855,20250218,2,105,218,1013,690,594,26
102856,20250124,1,105,212,1015,654,592,30
102857,20250310,1,102,203,1012,1070,957,64
102858,20250302,1,101,207,1009,1122,1057,28
102859,20250131,1,105,217,1026,661,616,13
102860,20250129,3,103,219,1018,810,614,118
102861,20250208,1,101,218,1021,1267,1187,32
102862,20250119,3,101,201,1014,1280,953,26
102863,20250301,2,105,205,1020,519,454,29
102864,20250108,2,103,202,1025,887,730,90
102865,20250313,2,102,201,1004,1194,974,86
102866,20250222,2,105,207,1008,539,433,16
102867,20250223,3,103,211,1008,907,684,76
102868,20250313,1,101,211,1022,1294,1216,55
102869,20250309,1,103,218,1022,888,837,88
102870,20250118,3,101,217,1016,1261,973,47
102871,20250219,3,105,202,1027,517,386,26
102872,20250201,3,105,207,1024,628,489,15
102873,20250202,2,104,207,1028,853,701,96
102874,20250127,3,104,210,1029,774,545,152
102875,20250212,2,104,203,1028,715,617,104
102876,20250324,2,105,212,1010,689,596,25
102877,20250111,1,102,203,1025,1175,1077,72
102878,20250227,2,105,211,1021,519,422,34
102879,20250217,1,103,212,1027,930,843,109
102880,20250112,1,105,204,1017,599,543,18
102881,20250310,3,105,216,1001,552,396,15
102882,20250125,1,101,218,1018,1246,1115,20
102883,20250107,1,101,204,1010,1231,1122,53
102884,20250204,1,101,206,1026,1166,1050,34
102885,20250218,3,105,215,1021,575,443,27
102886,20250328,2,102,201,1004,1030,838,42
102887,20250319,2,103,203,1001,936,766,62
102888,20250319,3,103,205,1004,963,688,116
102889,20250106,3,102,217,1004,1071,849,57
102890,20250110,1,102,214,1026,1013,936,55
102891,20250125,2,103,209,1004,853,718,60
102892,20250317,3,104,203,1017,866,636,157
102893,20250327,2,101,213,1009,1194,986,55
102894,20250313,1,101,203,1030,1167,1085,46
102895,20250128,3,103,211,1019,956,697,63
102896,20250303,2,102,202,1013,1160,1003,62
102897,20250127,1,104,215,1004,756,703,115
102898,20250212,2,103,213,1005,845,693,61
102899,20250208,1,101,219,1029,1237,1145,57
102900,20250102,1,105,216,1013,527,490,32
102901,20250128,3,102,218,1023,1097,871,56
102902,20250125,1,105,207,1016,660,610,27
102903,20250116,2,103,213,1022,852,737,74
102904,20250303,2,101,204,1005,1183,971,57
102905,20250201,1,104,209,1008,861,806,130
102906,20250331,3,105,210,1016,539,401,33
102907,20250319,1,104,209,1030,885,805,98
102908,20250127,1,101,207,1001,1222,1083,31
102909,20250220,1,105,215,1023,617,550,37
102910,20250131,1,104,208,1028,745,665,142
102911,20250312,1,104,219,1006,886,790,116
102912,20250211,2,105,211,1011,505,416,38
102913,20250206,3,101,205,1016,1145,895,58
102914,20250218,1,104,202,1005,748,661,89
102915,20250301,2,103,210,1016,909,745,118
102916,20250310,2,105,216,1007,665,583,13
102917,20250325,3,102,213,1019,1185,891,86
102918,20250215,2,102,208,1001,1192,1030,78
102919,20250209,1,101,209,1009,1125,1019,21
102920,20250203,1,103,211,1018,828,776,108
102921,20250216,2,104,211,1013,864,755,96
102922,20250307,3,102,216,1026,1063,825,57
102923,20250305,1,101,210,1015,1136,1074,58
102924,20250301,1,103,212,1003,803,751,60
102925,20250113,3,103,206,1024,827,623,112
102926,20250302,3,101,212,1028,1186,931,25
102927,20250210,3,101,210,1010,1151,821,56
102928,20250127,3,104,218,1009,813,635,119
102929,20250217,1,101,218,1013,1184,1081,35
102930,20250210,2,104,204,1016,714,602,114
102931,20250222,2,104,209,1003,860,725,82
102932,20250106,1,105,207,1022,511,453,19
102933,20250314,2,103,218,1023,826,694,113
102934,20250129,2,103,208,1015,906,735,118
102935,20250119,1,103,211,1017,857,755,87
102936,20250103,3,105,207,1014,598,427,30
102937,20250203,2,104,209,1007,773,632,129
102938,20250312,3,104,208,1020,875,689,94
102939,20250316,1,101,203,1016,1225,1092,27
102940,20250316,1,105,217,1021,557,494,40
102941,20250223,2,101,202,1008,1172,971,59
102942,20250207,1,105,215,1004,585,519,39
102943,20250120,2,101,214,1020,1121,977,58
102944,20250126,3,102,218,1024,1038,745,73
102945,20250212,1,103,216,1015,885,815,103
102946,20250130,2,103,204,1005,908,737,102
102947,20250218,2,104,206,1013,875,721,116
102948,20250314,1,102,206,1006,1089,1025,57
102949,20250201,3,103,211,1028,927,710,119
102950,20250305,3,104,217,1027,767,599,89
102951,20250312,2,102,203,1030,1000,868,49
102952,20250325,2,103,213,1005,999,851,80
102953,20250329,2,101,203,1017,1137,945,50
102954,20250213,3,105,216,1007,517,367,23
102955,20250202,2,102,215,1006,1186,975,45
102956,20250304,2,104,211,1002,782,687,103
102957,20250324,3,102,218,1011,1196,883,60
102958,20250304,1,104,215,1007,826,751,132
102959,20250228,3,102,205,1022,1154,899,61
102960,20250122,1,104,216,1021,735,688,111
102961,20250215,1,103,216,1008,898,816,91
102962,20250122,1,101,217,1005,1237,1134,54
102963,20250118,3,103,209,1027,937,732,84
102964,20250311,3,101,203,1018,1121,849,46
102965,20250304,2,103,213,1022,934,790,104
102966,20250124,2,103,203,1016,991,810,65
102967,20250311,2,102,207,1014,1060,878,53
102968,20250324,3,105,206,1012,504,371,25
102969,20250108,2,104,209,1017,734,641,87
102970,20250309,1,104,212,1005,789,714,97
102971,20250105,1,104,215,1014,775,706,150
102972,20250110,3,101,203,1006,1207,874,34
102973,20250327,2,104,210,1015,714,613,95
102974,20250107,1,104,201,1007,878,815,128
102975,20250101,1,102,219,1014,1187,1046,67
102976,20250222,3,103,219,1018,895,631,66
102977,20250118,1,104,213,1001,869,800,141
102978,20250322,2,105,212,1006,652,567,10
102979,20250130,3,104,201,1003,737,542,90
102980,20250109,2,101,219,1005,1162,936,56
102981,20250120,1,101,216,1012,1206,1073,31
102982,20250102,2,101,215,1011,1220,1048,53
102983,20250128,3,104,216,1013,878,697,140
102984,20250306,2,102,211,1016,1105,947,68
102985,20250228,3,105,206,1018,700,535,10
102986,20250217,1,104,211,1017,773,686,87
102987,20250108,2,102,203,1017,1164,934,88
102988,20250321,2,102,215,1029,1044,877,40
102989,20250323,3,104,201,1011,801,627,138
102990,20250327,1,104,207,1020,841,781,113
102991,20250320,3,102,201,1010,1146,859,85
102992,20250303,2,102,217,1029,1058,882,50
102993,20250326,1,102,209,1016,1069,1013,73
102994,20250304,1,104,213,1002,796,754,96
102995,20250103,3,102,211,1017,1190,858,79
102996,20250101,1,101,206,1022,1114,997,31
102997,20250310,1,104,201,1030,890,844,157
102998,20250312,1,101,207,1020,1119,1048,49
102999,20250222,3,103,212,1010,922,674,101
